-- phpMyAdmin SQL Dump
-- version 5.2.1
-- https://www.phpmyadmin.net/
--
-- Host: 127.0.0.1
-- Generation Time: May 12, 2024 at 01:45 PM
-- Server version: 10.4.28-MariaDB
-- PHP Version: 8.2.4

SET SQL_MODE = "NO_AUTO_VALUE_ON_ZERO";
START TRANSACTION;
SET time_zone = "+00:00";


/*!40101 SET @OLD_CHARACTER_SET_CLIENT=@@CHARACTER_SET_CLIENT */;
/*!40101 SET @OLD_CHARACTER_SET_RESULTS=@@CHARACTER_SET_RESULTS */;
/*!40101 SET @OLD_COLLATION_CONNECTION=@@COLLATION_CONNECTION */;
/*!40101 SET NAMES utf8mb4 */;

--
-- Database: `pgs_sensor`
--

-- --------------------------------------------------------

--
-- Table structure for table `account_emailaddress`
--

CREATE TABLE `account_emailaddress` (
  `id` int(11) NOT NULL,
  `email` varchar(254) NOT NULL,
  `verified` tinyint(1) NOT NULL,
  `primary` tinyint(1) NOT NULL,
  `user_id` int(11) NOT NULL
) ENGINE=InnoDB DEFAULT CHARSET=utf8mb4 COLLATE=utf8mb4_general_ci;

-- --------------------------------------------------------

--
-- Table structure for table `account_emailconfirmation`
--

CREATE TABLE `account_emailconfirmation` (
  `id` int(11) NOT NULL,
  `created` datetime(6) NOT NULL,
  `sent` datetime(6) DEFAULT NULL,
  `key` varchar(64) NOT NULL,
  `email_address_id` int(11) NOT NULL
) ENGINE=InnoDB DEFAULT CHARSET=utf8mb4 COLLATE=utf8mb4_general_ci;

-- --------------------------------------------------------

--
-- Table structure for table `activity_logs`
--

CREATE TABLE `activity_logs` (
  `id` int(11) NOT NULL,
  `floor_id` int(11) NOT NULL,
  `zone_id` int(11) NOT NULL,
  `sensor_id` int(11) NOT NULL,
  `issue` varchar(255) NOT NULL,
  `created_at` timestamp NOT NULL DEFAULT current_timestamp() ON UPDATE current_timestamp()
) ENGINE=InnoDB DEFAULT CHARSET=utf8mb4 COLLATE=utf8mb4_general_ci;

--
-- Dumping data for table `activity_logs`
--

INSERT INTO `activity_logs` (`id`, `floor_id`, `zone_id`, `sensor_id`, `issue`, `created_at`) VALUES
(52376, 1, 1, 25, 'Faulty', '2024-05-12 11:17:50'),
(52377, 1, 1, 26, 'Faulty', '2024-05-12 11:17:50'),
(52378, 1, 1, 27, 'Faulty', '2024-05-12 11:17:50'),
(52379, 1, 2, 16, 'Faulty', '2024-05-12 11:17:50'),
(52380, 1, 3, 8, 'Faulty', '2024-05-12 11:17:50'),
(52381, 1, 3, 15, 'Faulty', '2024-05-12 11:17:50'),
(52382, 1, 3, 19, 'Faulty', '2024-05-12 11:17:50'),
(52383, 1, 3, 20, 'Faulty', '2024-05-12 11:17:50'),
(52384, 2, 1, 28, 'Faulty', '2024-05-12 11:17:50'),
(52385, 2, 1, 33, 'Faulty', '2024-05-12 11:17:50'),
(52386, 2, 1, 34, 'Faulty', '2024-05-12 11:17:50'),
(52387, 2, 2, 17, 'Faulty', '2024-05-12 11:17:50'),
(52388, 2, 4, 15, 'Faulty', '2024-05-12 11:17:50'),
(52389, 2, 5, 4, 'Faulty', '2024-05-12 11:17:50');

-- --------------------------------------------------------

--
-- Table structure for table `authtoken_token`
--

CREATE TABLE `authtoken_token` (
  `key` varchar(40) NOT NULL,
  `created` datetime(6) NOT NULL,
  `user_id` int(11) NOT NULL
) ENGINE=InnoDB DEFAULT CHARSET=utf8mb4 COLLATE=utf8mb4_general_ci;

-- --------------------------------------------------------

--
-- Table structure for table `auth_group`
--

CREATE TABLE `auth_group` (
  `id` int(11) NOT NULL,
  `name` varchar(150) NOT NULL
) ENGINE=InnoDB DEFAULT CHARSET=utf8mb4 COLLATE=utf8mb4_general_ci;

-- --------------------------------------------------------

--
-- Table structure for table `auth_group_permissions`
--

CREATE TABLE `auth_group_permissions` (
  `id` bigint(20) NOT NULL,
  `group_id` int(11) NOT NULL,
  `permission_id` int(11) NOT NULL
) ENGINE=InnoDB DEFAULT CHARSET=utf8mb4 COLLATE=utf8mb4_general_ci;

-- --------------------------------------------------------

--
-- Table structure for table `auth_permission`
--

CREATE TABLE `auth_permission` (
  `id` int(11) NOT NULL,
  `name` varchar(255) NOT NULL,
  `content_type_id` int(11) NOT NULL,
  `codename` varchar(100) NOT NULL
) ENGINE=InnoDB DEFAULT CHARSET=utf8mb4 COLLATE=utf8mb4_general_ci;

--
-- Dumping data for table `auth_permission`
--

INSERT INTO `auth_permission` (`id`, `name`, `content_type_id`, `codename`) VALUES
(1, 'Can add log entry', 1, 'add_logentry'),
(2, 'Can change log entry', 1, 'change_logentry'),
(3, 'Can delete log entry', 1, 'delete_logentry'),
(4, 'Can view log entry', 1, 'view_logentry'),
(5, 'Can add permission', 2, 'add_permission'),
(6, 'Can change permission', 2, 'change_permission'),
(7, 'Can delete permission', 2, 'delete_permission'),
(8, 'Can view permission', 2, 'view_permission'),
(9, 'Can add group', 3, 'add_group'),
(10, 'Can change group', 3, 'change_group'),
(11, 'Can delete group', 3, 'delete_group'),
(12, 'Can view group', 3, 'view_group'),
(13, 'Can add user', 4, 'add_user'),
(14, 'Can change user', 4, 'change_user'),
(15, 'Can delete user', 4, 'delete_user'),
(16, 'Can view user', 4, 'view_user'),
(17, 'Can add content type', 5, 'add_contenttype'),
(18, 'Can change content type', 5, 'change_contenttype'),
(19, 'Can delete content type', 5, 'delete_contenttype'),
(20, 'Can view content type', 5, 'view_contenttype'),
(21, 'Can add session', 6, 'add_session'),
(22, 'Can change session', 6, 'change_session'),
(23, 'Can delete session', 6, 'delete_session'),
(24, 'Can view session', 6, 'view_session'),
(25, 'Can add Token', 7, 'add_token'),
(26, 'Can change Token', 7, 'change_token'),
(27, 'Can delete Token', 7, 'delete_token'),
(28, 'Can view Token', 7, 'view_token'),
(29, 'Can add token', 8, 'add_tokenproxy'),
(30, 'Can change token', 8, 'change_tokenproxy'),
(31, 'Can delete token', 8, 'delete_tokenproxy'),
(32, 'Can view token', 8, 'view_tokenproxy'),
(33, 'Can add social application', 9, 'add_socialapp'),
(34, 'Can change social application', 9, 'change_socialapp'),
(35, 'Can delete social application', 9, 'delete_socialapp'),
(36, 'Can view social application', 9, 'view_socialapp'),
(37, 'Can add social account', 10, 'add_socialaccount'),
(38, 'Can change social account', 10, 'change_socialaccount'),
(39, 'Can delete social account', 10, 'delete_socialaccount'),
(40, 'Can view social account', 10, 'view_socialaccount'),
(41, 'Can add social application token', 11, 'add_socialtoken'),
(42, 'Can change social application token', 11, 'change_socialtoken'),
(43, 'Can delete social application token', 11, 'delete_socialtoken'),
(44, 'Can view social application token', 11, 'view_socialtoken'),
(45, 'Can add email address', 12, 'add_emailaddress'),
(46, 'Can change email address', 12, 'change_emailaddress'),
(47, 'Can delete email address', 12, 'delete_emailaddress'),
(48, 'Can view email address', 12, 'view_emailaddress'),
(49, 'Can add email confirmation', 13, 'add_emailconfirmation'),
(50, 'Can change email confirmation', 13, 'change_emailconfirmation'),
(51, 'Can delete email confirmation', 13, 'delete_emailconfirmation'),
(52, 'Can view email confirmation', 13, 'view_emailconfirmation'),
(53, 'Can add floor management', 14, 'add_floormanagement'),
(54, 'Can change floor management', 14, 'change_floormanagement'),
(55, 'Can delete floor management', 14, 'delete_floormanagement'),
(56, 'Can view floor management', 14, 'view_floormanagement'),
(57, 'Can add activity log', 15, 'add_activitylog'),
(58, 'Can change activity log', 15, 'change_activitylog'),
(59, 'Can delete activity log', 15, 'delete_activitylog'),
(60, 'Can view activity log', 15, 'view_activitylog'),
(61, 'Can add floor', 16, 'add_floor'),
(62, 'Can change floor', 16, 'change_floor'),
(63, 'Can delete floor', 16, 'delete_floor'),
(64, 'Can view floor', 16, 'view_floor'),
(65, 'Can add line chart', 17, 'add_linechart'),
(66, 'Can change line chart', 17, 'change_linechart'),
(67, 'Can delete line chart', 17, 'delete_linechart'),
(68, 'Can view line chart', 17, 'view_linechart'),
(69, 'Can add sensor', 18, 'add_sensor'),
(70, 'Can change sensor', 18, 'change_sensor'),
(71, 'Can delete sensor', 18, 'delete_sensor'),
(72, 'Can view sensor', 18, 'view_sensor'),
(73, 'Can add zone', 19, 'add_zone'),
(74, 'Can change zone', 19, 'change_zone'),
(75, 'Can delete zone', 19, 'delete_zone'),
(76, 'Can view zone', 19, 'view_zone');

-- --------------------------------------------------------

--
-- Table structure for table `auth_user`
--

CREATE TABLE `auth_user` (
  `id` int(11) NOT NULL,
  `password` varchar(128) NOT NULL,
  `last_login` datetime(6) DEFAULT NULL,
  `is_superuser` tinyint(1) NOT NULL,
  `username` varchar(150) NOT NULL,
  `first_name` varchar(150) NOT NULL,
  `last_name` varchar(150) NOT NULL,
  `email` varchar(254) NOT NULL,
  `is_staff` tinyint(1) NOT NULL,
  `is_active` tinyint(1) NOT NULL,
  `date_joined` datetime(6) NOT NULL
) ENGINE=InnoDB DEFAULT CHARSET=utf8mb4 COLLATE=utf8mb4_general_ci;

-- --------------------------------------------------------

--
-- Table structure for table `auth_user_groups`
--

CREATE TABLE `auth_user_groups` (
  `id` bigint(20) NOT NULL,
  `user_id` int(11) NOT NULL,
  `group_id` int(11) NOT NULL
) ENGINE=InnoDB DEFAULT CHARSET=utf8mb4 COLLATE=utf8mb4_general_ci;

-- --------------------------------------------------------

--
-- Table structure for table `auth_user_user_permissions`
--

CREATE TABLE `auth_user_user_permissions` (
  `id` bigint(20) NOT NULL,
  `user_id` int(11) NOT NULL,
  `permission_id` int(11) NOT NULL
) ENGINE=InnoDB DEFAULT CHARSET=utf8mb4 COLLATE=utf8mb4_general_ci;

-- --------------------------------------------------------

--
-- Table structure for table `django_admin_log`
--

CREATE TABLE `django_admin_log` (
  `id` int(11) NOT NULL,
  `action_time` datetime(6) NOT NULL,
  `object_id` longtext DEFAULT NULL,
  `object_repr` varchar(200) NOT NULL,
  `action_flag` smallint(5) UNSIGNED NOT NULL CHECK (`action_flag` >= 0),
  `change_message` longtext NOT NULL,
  `content_type_id` int(11) DEFAULT NULL,
  `user_id` int(11) NOT NULL
) ENGINE=InnoDB DEFAULT CHARSET=utf8mb4 COLLATE=utf8mb4_general_ci;

-- --------------------------------------------------------

--
-- Table structure for table `django_content_type`
--

CREATE TABLE `django_content_type` (
  `id` int(11) NOT NULL,
  `app_label` varchar(100) NOT NULL,
  `model` varchar(100) NOT NULL
) ENGINE=InnoDB DEFAULT CHARSET=utf8mb4 COLLATE=utf8mb4_general_ci;

--
-- Dumping data for table `django_content_type`
--

INSERT INTO `django_content_type` (`id`, `app_label`, `model`) VALUES
(12, 'account', 'emailaddress'),
(13, 'account', 'emailconfirmation'),
(1, 'admin', 'logentry'),
(10, 'allauth', 'socialaccount'),
(9, 'allauth', 'socialapp'),
(11, 'allauth', 'socialtoken'),
(3, 'auth', 'group'),
(2, 'auth', 'permission'),
(4, 'auth', 'user'),
(7, 'authtoken', 'token'),
(8, 'authtoken', 'tokenproxy'),
(5, 'contenttypes', 'contenttype'),
(15, 'dashboard_data', 'activitylog'),
(16, 'dashboard_data', 'floor'),
(17, 'dashboard_data', 'linechart'),
(18, 'dashboard_data', 'sensor'),
(19, 'dashboard_data', 'zone'),
(14, 'floor_management', 'floormanagement'),
(6, 'sessions', 'session');

-- --------------------------------------------------------

--
-- Table structure for table `django_migrations`
--

CREATE TABLE `django_migrations` (
  `id` bigint(20) NOT NULL,
  `app` varchar(255) NOT NULL,
  `name` varchar(255) NOT NULL,
  `applied` datetime(6) NOT NULL
) ENGINE=InnoDB DEFAULT CHARSET=utf8mb4 COLLATE=utf8mb4_general_ci;

--
-- Dumping data for table `django_migrations`
--

INSERT INTO `django_migrations` (`id`, `app`, `name`, `applied`) VALUES
(1, 'contenttypes', '0001_initial', '2024-02-12 17:29:30.624520'),
(2, 'auth', '0001_initial', '2024-02-12 17:29:31.663623'),
(3, 'account', '0001_initial', '2024-02-12 17:29:32.047001'),
(4, 'account', '0002_email_max_length', '2024-02-12 17:29:32.105367'),
(5, 'account', '0003_alter_emailaddress_create_unique_verified_email', '2024-02-12 17:29:32.109177'),
(6, 'account', '0004_alter_emailaddress_drop_unique_email', '2024-02-12 17:29:32.138863'),
(7, 'account', '0005_emailaddress_idx_upper_email', '2024-02-12 17:29:32.171122'),
(8, 'admin', '0001_initial', '2024-02-12 17:29:32.440376'),
(9, 'admin', '0002_logentry_remove_auto_add', '2024-02-12 17:29:32.470773'),
(10, 'admin', '0003_logentry_add_action_flag_choices', '2024-02-12 17:29:32.518987'),
(11, 'contenttypes', '0002_remove_content_type_name', '2024-02-12 17:29:32.660286'),
(12, 'auth', '0002_alter_permission_name_max_length', '2024-02-12 17:29:32.791655'),
(13, 'auth', '0003_alter_user_email_max_length', '2024-02-12 17:29:32.818711'),
(14, 'auth', '0004_alter_user_username_opts', '2024-02-12 17:29:32.849495'),
(15, 'auth', '0005_alter_user_last_login_null', '2024-02-12 17:29:32.929155'),
(16, 'auth', '0006_require_contenttypes_0002', '2024-02-12 17:29:32.929155'),
(17, 'auth', '0007_alter_validators_add_error_messages', '2024-02-12 17:29:32.973977'),
(18, 'auth', '0008_alter_user_username_max_length', '2024-02-12 17:29:33.054919'),
(19, 'auth', '0009_alter_user_last_name_max_length', '2024-02-12 17:29:33.102335'),
(20, 'auth', '0010_alter_group_name_max_length', '2024-02-12 17:29:33.156394'),
(21, 'auth', '0011_update_proxy_permissions', '2024-02-12 17:29:33.215879'),
(22, 'auth', '0012_alter_user_first_name_max_length', '2024-02-12 17:29:33.293036'),
(23, 'authtoken', '0001_initial', '2024-02-12 17:29:33.466389'),
(24, 'authtoken', '0002_auto_20160226_1747', '2024-02-12 17:29:33.594552'),
(25, 'authtoken', '0003_tokenproxy', '2024-02-12 17:29:33.608584'),
(26, 'dashboard_data', '0001_initial_migration', '2024-02-12 17:29:33.788474'),
(27, 'dashboard_data', '0002_add_unique_key_constraint', '2024-02-12 17:29:33.843333'),
(28, 'floor_management', '0001_add_floor_management_table', '2024-02-12 17:29:33.880097'),
(29, 'floor_management', '0002_alter_floormanagement_available_and_more', '2024-02-12 17:29:34.261833'),
(30, 'sessions', '0001_initial', '2024-02-12 17:29:34.337974');

-- --------------------------------------------------------

--
-- Table structure for table `django_session`
--

CREATE TABLE `django_session` (
  `session_key` varchar(40) NOT NULL,
  `session_data` longtext NOT NULL,
  `expire_date` datetime(6) NOT NULL
) ENGINE=InnoDB DEFAULT CHARSET=utf8mb4 COLLATE=utf8mb4_general_ci;

-- --------------------------------------------------------

--
-- Table structure for table `floor`
--

CREATE TABLE `floor` (
  `id` int(11) NOT NULL,
  `parking_name` varchar(255) DEFAULT NULL,
  `floor_id` int(11) DEFAULT NULL
) ENGINE=InnoDB DEFAULT CHARSET=utf8mb4 COLLATE=utf8mb4_general_ci;

-- --------------------------------------------------------

--
-- Table structure for table `floor_management`
--

CREATE TABLE `floor_management` (
  `id` bigint(20) NOT NULL,
  `floor_id` int(10) UNSIGNED NOT NULL CHECK (`floor_id` >= 0),
  `connected_parking` varchar(255) NOT NULL,
  `floor_name` varchar(255) NOT NULL,
  `total_slots` int(10) UNSIGNED DEFAULT NULL,
  `available` int(10) UNSIGNED DEFAULT NULL,
  `occupied` int(10) UNSIGNED DEFAULT NULL,
  `sensors` int(10) UNSIGNED DEFAULT NULL,
  `status` tinyint(1) NOT NULL,
  `created_at` datetime(6) NOT NULL,
  `updated_at` datetime(6) NOT NULL
) ENGINE=InnoDB DEFAULT CHARSET=utf8mb4 COLLATE=utf8mb4_general_ci;

-- --------------------------------------------------------

--
-- Table structure for table `line_chart`
--

CREATE TABLE `line_chart` (
  `id` int(11) NOT NULL,
  `floor_id` int(11) NOT NULL,
  `zone_id` int(11) NOT NULL,
  `total_available` int(11) NOT NULL,
  `total_vacant` int(11) NOT NULL,
  `total_faulty` int(11) NOT NULL
) ENGINE=InnoDB DEFAULT CHARSET=utf8mb4 COLLATE=utf8mb4_general_ci;

--
-- Dumping data for table `line_chart`
--

INSERT INTO `line_chart` (`id`, `floor_id`, `zone_id`, `total_available`, `total_vacant`, `total_faulty`) VALUES
(46044, 1, 1, 27, 17, 3),
(46045, 1, 2, 23, 16, 1),
(46046, 1, 3, 27, 17, 4),
(46047, 1, 4, 40, 39, 0),
(46048, 1, 5, 22, 20, 0),
(46049, 2, 1, 34, 18, 3),
(46050, 2, 2, 19, 16, 1),
(46051, 2, 4, 39, 32, 1),
(46052, 2, 5, 23, 20, 1),
(46053, 1, 1, 27, 17, 3),
(46054, 1, 2, 23, 16, 1),
(46055, 1, 3, 27, 17, 4),
(46056, 1, 4, 40, 39, 0),
(46057, 1, 5, 22, 20, 0),
(46058, 2, 1, 34, 18, 3),
(46059, 2, 2, 19, 16, 1),
(46060, 2, 4, 39, 32, 1),
(46061, 2, 5, 23, 20, 1),
(46062, 1, 1, 27, 17, 3),
(46063, 1, 2, 23, 16, 1),
(46064, 1, 3, 27, 17, 4),
(46065, 1, 4, 40, 39, 0),
(46066, 1, 5, 22, 20, 0),
(46067, 2, 1, 34, 18, 3),
(46068, 2, 2, 19, 16, 1),
(46069, 2, 4, 39, 32, 1),
(46070, 2, 5, 23, 20, 1),
(46071, 1, 1, 27, 17, 3),
(46072, 1, 2, 23, 16, 1),
(46073, 1, 3, 27, 17, 4),
(46074, 1, 4, 40, 39, 0),
(46075, 1, 5, 22, 20, 0),
(46076, 2, 1, 34, 18, 3),
(46077, 2, 2, 19, 16, 1),
(46078, 2, 4, 39, 32, 1),
(46079, 2, 5, 23, 20, 1),
(46080, 1, 1, 27, 17, 3),
(46081, 1, 2, 23, 16, 1),
(46082, 1, 3, 27, 17, 4),
(46083, 1, 4, 40, 39, 0),
(46084, 1, 5, 22, 20, 0),
(46085, 2, 1, 34, 18, 3),
(46086, 2, 2, 19, 16, 1),
(46087, 2, 4, 39, 32, 1),
(46088, 2, 5, 23, 20, 1),
(46089, 1, 1, 27, 17, 3),
(46090, 1, 2, 23, 16, 1),
(46091, 1, 3, 27, 17, 4),
(46092, 1, 4, 40, 39, 0),
(46093, 1, 5, 22, 20, 0),
(46094, 2, 1, 34, 18, 3),
(46095, 2, 2, 19, 16, 1),
(46096, 2, 4, 39, 32, 1),
(46097, 2, 5, 23, 20, 1),
(46098, 1, 1, 27, 17, 3),
(46099, 1, 2, 23, 16, 1),
(46100, 1, 3, 27, 17, 4),
(46101, 1, 4, 40, 39, 0),
(46102, 1, 5, 22, 20, 0),
(46103, 2, 1, 34, 18, 3),
(46104, 2, 2, 19, 16, 1),
(46105, 2, 4, 39, 32, 1),
(46106, 2, 5, 23, 20, 1),
(46107, 1, 1, 27, 17, 3),
(46108, 1, 2, 23, 16, 1),
(46109, 1, 3, 27, 17, 4),
(46110, 1, 4, 40, 39, 0),
(46111, 1, 5, 22, 20, 0),
(46112, 2, 1, 34, 18, 3),
(46113, 2, 2, 19, 16, 1),
(46114, 2, 4, 39, 32, 1),
(46115, 2, 5, 23, 20, 1),
(46116, 1, 1, 27, 17, 3),
(46117, 1, 2, 23, 16, 1),
(46118, 1, 3, 27, 17, 4),
(46119, 1, 4, 40, 39, 0),
(46120, 1, 5, 22, 20, 0),
(46121, 2, 1, 34, 18, 3),
(46122, 2, 2, 19, 16, 1),
(46123, 2, 4, 39, 32, 1),
(46124, 2, 5, 23, 20, 1),
(46125, 1, 1, 27, 17, 3),
(46126, 1, 2, 23, 16, 1),
(46127, 1, 3, 27, 17, 4),
(46128, 1, 4, 40, 39, 0),
(46129, 1, 5, 22, 20, 0),
(46130, 2, 1, 34, 18, 3),
(46131, 2, 2, 19, 16, 1),
(46132, 2, 4, 39, 32, 1),
(46133, 2, 5, 23, 20, 1),
(46134, 1, 1, 27, 17, 3),
(46135, 1, 2, 23, 16, 1),
(46136, 1, 3, 27, 17, 4),
(46137, 1, 4, 40, 39, 0),
(46138, 1, 5, 22, 20, 0),
(46139, 2, 1, 34, 18, 3),
(46140, 2, 2, 19, 16, 1),
(46141, 2, 4, 39, 32, 1),
(46142, 2, 5, 23, 20, 1),
(46143, 1, 1, 27, 17, 3),
(46144, 1, 2, 23, 16, 1),
(46145, 1, 3, 27, 17, 4),
(46146, 1, 4, 40, 39, 0),
(46147, 1, 5, 22, 20, 0),
(46148, 2, 1, 34, 18, 3),
(46149, 2, 2, 19, 16, 1),
(46150, 2, 4, 39, 32, 1),
(46151, 2, 5, 23, 20, 1),
(46152, 1, 1, 27, 17, 3),
(46153, 1, 2, 23, 16, 1),
(46154, 1, 3, 27, 17, 4),
(46155, 1, 4, 40, 39, 0),
(46156, 1, 5, 22, 20, 0),
(46157, 2, 1, 34, 18, 3),
(46158, 2, 2, 19, 16, 1),
(46159, 2, 4, 39, 32, 1),
(46160, 2, 5, 23, 20, 1),
(46161, 1, 1, 27, 17, 3),
(46162, 1, 2, 23, 16, 1),
(46163, 1, 3, 27, 17, 4),
(46164, 1, 4, 40, 39, 0),
(46165, 1, 5, 22, 20, 0),
(46166, 2, 1, 34, 18, 3),
(46167, 2, 2, 19, 16, 1),
(46168, 2, 4, 39, 32, 1),
(46169, 2, 5, 23, 20, 1),
(46170, 1, 1, 27, 17, 3),
(46171, 1, 2, 23, 16, 1),
(46172, 1, 3, 27, 17, 4),
(46173, 1, 4, 40, 39, 0),
(46174, 1, 5, 22, 20, 0),
(46175, 2, 1, 34, 18, 3),
(46176, 2, 2, 19, 16, 1),
(46177, 2, 4, 39, 32, 1),
(46178, 2, 5, 23, 20, 1),
(46179, 1, 1, 27, 17, 3),
(46180, 1, 2, 23, 16, 1),
(46181, 1, 3, 27, 17, 4),
(46182, 1, 4, 40, 39, 0),
(46183, 1, 5, 22, 20, 0),
(46184, 2, 1, 34, 18, 3),
(46185, 2, 2, 19, 16, 1),
(46186, 2, 4, 39, 32, 1),
(46187, 2, 5, 23, 20, 1),
(46188, 1, 1, 27, 17, 3),
(46189, 1, 2, 23, 16, 1),
(46190, 1, 3, 27, 17, 4),
(46191, 1, 4, 40, 39, 0),
(46192, 1, 5, 22, 20, 0),
(46193, 2, 1, 34, 18, 3),
(46194, 2, 2, 19, 16, 1),
(46195, 2, 4, 39, 32, 1),
(46196, 2, 5, 23, 20, 1),
(46197, 1, 1, 27, 17, 3),
(46198, 1, 2, 23, 16, 1),
(46199, 1, 3, 27, 17, 4),
(46200, 1, 4, 40, 39, 0),
(46201, 1, 5, 22, 20, 0),
(46202, 2, 1, 34, 18, 3),
(46203, 2, 2, 19, 16, 1),
(46204, 2, 4, 39, 32, 1),
(46205, 2, 5, 23, 20, 1),
(46206, 1, 1, 27, 17, 3),
(46207, 1, 2, 23, 16, 1),
(46208, 1, 3, 27, 17, 4),
(46209, 1, 4, 40, 39, 0),
(46210, 1, 5, 22, 20, 0),
(46211, 2, 1, 34, 18, 3),
(46212, 2, 2, 19, 16, 1),
(46213, 2, 4, 39, 32, 1),
(46214, 2, 5, 23, 20, 1),
(46215, 1, 1, 27, 17, 3),
(46216, 1, 2, 23, 16, 1),
(46217, 1, 3, 27, 17, 4),
(46218, 1, 4, 40, 39, 0),
(46219, 1, 5, 22, 20, 0),
(46220, 2, 1, 34, 18, 3),
(46221, 2, 2, 19, 16, 1),
(46222, 2, 4, 39, 32, 1),
(46223, 2, 5, 23, 20, 1),
(46224, 1, 1, 27, 17, 3),
(46225, 1, 2, 23, 16, 1),
(46226, 1, 3, 27, 17, 4),
(46227, 1, 4, 40, 39, 0),
(46228, 1, 5, 22, 20, 0),
(46229, 2, 1, 34, 18, 3),
(46230, 2, 2, 19, 16, 1),
(46231, 2, 4, 39, 32, 1),
(46232, 2, 5, 23, 20, 1),
(46233, 1, 1, 27, 17, 3),
(46234, 1, 2, 23, 16, 1),
(46235, 1, 3, 27, 17, 4),
(46236, 1, 4, 40, 39, 0),
(46237, 1, 5, 22, 20, 0),
(46238, 2, 1, 34, 18, 3),
(46239, 2, 2, 19, 16, 1),
(46240, 2, 4, 39, 32, 1),
(46241, 2, 5, 23, 20, 1),
(46242, 1, 1, 27, 17, 3),
(46243, 1, 2, 23, 16, 1),
(46244, 1, 3, 27, 17, 4),
(46245, 1, 4, 40, 39, 0),
(46246, 1, 5, 22, 20, 0),
(46247, 2, 1, 34, 18, 3),
(46248, 2, 2, 19, 16, 1),
(46249, 2, 4, 39, 32, 1),
(46250, 2, 5, 23, 20, 1),
(46251, 1, 1, 27, 17, 3),
(46252, 1, 2, 23, 16, 1),
(46253, 1, 3, 27, 17, 4),
(46254, 1, 4, 40, 39, 0),
(46255, 1, 5, 22, 20, 0),
(46256, 2, 1, 34, 18, 3),
(46257, 2, 2, 19, 16, 1),
(46258, 2, 4, 39, 32, 1),
(46259, 2, 5, 23, 20, 1),
(46260, 1, 1, 27, 17, 3),
(46261, 1, 2, 23, 16, 1),
(46262, 1, 3, 27, 17, 4),
(46263, 1, 4, 40, 39, 0),
(46264, 1, 5, 22, 20, 0),
(46265, 2, 1, 34, 18, 3),
(46266, 2, 2, 19, 16, 1),
(46267, 2, 4, 39, 32, 1),
(46268, 2, 5, 23, 20, 1),
(46269, 1, 1, 27, 17, 3),
(46270, 1, 2, 23, 16, 1),
(46271, 1, 3, 27, 17, 4),
(46272, 1, 4, 40, 39, 0),
(46273, 1, 5, 22, 20, 0),
(46274, 2, 1, 34, 18, 3),
(46275, 2, 2, 19, 16, 1),
(46276, 2, 4, 39, 32, 1),
(46277, 2, 5, 23, 20, 1),
(46278, 1, 1, 27, 17, 3),
(46279, 1, 2, 23, 16, 1),
(46280, 1, 3, 27, 17, 4),
(46281, 1, 4, 40, 39, 0),
(46282, 1, 5, 22, 20, 0),
(46283, 2, 1, 34, 18, 3),
(46284, 2, 2, 19, 16, 1),
(46285, 2, 4, 39, 32, 1),
(46286, 2, 5, 23, 20, 1),
(46287, 1, 1, 27, 17, 3),
(46288, 1, 2, 23, 16, 1),
(46289, 1, 3, 27, 17, 4),
(46290, 1, 4, 40, 39, 0),
(46291, 1, 5, 22, 20, 0),
(46292, 2, 1, 34, 18, 3),
(46293, 2, 2, 19, 16, 1),
(46294, 2, 4, 39, 32, 1),
(46295, 2, 5, 23, 20, 1),
(46296, 1, 1, 27, 17, 3),
(46297, 1, 2, 23, 16, 1),
(46298, 1, 3, 27, 17, 4),
(46299, 1, 4, 40, 39, 0),
(46300, 1, 5, 22, 20, 0),
(46301, 2, 1, 34, 18, 3),
(46302, 2, 2, 19, 16, 1),
(46303, 2, 4, 39, 32, 1),
(46304, 2, 5, 23, 20, 1),
(46305, 1, 1, 27, 17, 3),
(46306, 1, 2, 23, 16, 1),
(46307, 1, 3, 27, 17, 4),
(46308, 1, 4, 40, 39, 0),
(46309, 1, 5, 22, 20, 0),
(46310, 2, 1, 34, 18, 3),
(46311, 2, 2, 19, 16, 1),
(46312, 2, 4, 39, 32, 1),
(46313, 2, 5, 23, 20, 1),
(46314, 1, 1, 27, 17, 3),
(46315, 1, 2, 23, 16, 1),
(46316, 1, 3, 27, 17, 4),
(46317, 1, 4, 40, 39, 0),
(46318, 1, 5, 22, 20, 0),
(46319, 2, 1, 34, 18, 3),
(46320, 2, 2, 19, 16, 1),
(46321, 2, 4, 39, 32, 1),
(46322, 2, 5, 23, 20, 1),
(46323, 1, 1, 27, 17, 3),
(46324, 1, 2, 23, 16, 1),
(46325, 1, 3, 27, 17, 4),
(46326, 1, 4, 40, 39, 0),
(46327, 1, 5, 22, 20, 0),
(46328, 2, 1, 34, 18, 3),
(46329, 2, 2, 19, 16, 1),
(46330, 2, 4, 39, 32, 1),
(46331, 2, 5, 23, 20, 1),
(46332, 1, 1, 27, 17, 3),
(46333, 1, 2, 23, 16, 1),
(46334, 1, 3, 27, 17, 4),
(46335, 1, 4, 40, 39, 0),
(46336, 1, 5, 22, 20, 0),
(46337, 2, 1, 34, 18, 3),
(46338, 2, 2, 19, 16, 1),
(46339, 2, 4, 39, 32, 1),
(46340, 2, 5, 23, 20, 1),
(46341, 1, 1, 27, 17, 3),
(46342, 1, 2, 23, 16, 1),
(46343, 1, 3, 27, 17, 4),
(46344, 1, 4, 40, 39, 0),
(46345, 1, 5, 22, 20, 0),
(46346, 2, 1, 34, 18, 3),
(46347, 2, 2, 19, 16, 1),
(46348, 2, 4, 39, 32, 1),
(46349, 2, 5, 23, 20, 1),
(46350, 1, 1, 27, 17, 3),
(46351, 1, 2, 23, 16, 1),
(46352, 1, 3, 27, 17, 4),
(46353, 1, 4, 40, 39, 0),
(46354, 1, 5, 22, 20, 0),
(46355, 2, 1, 34, 18, 3),
(46356, 2, 2, 19, 16, 1),
(46357, 2, 4, 39, 32, 1),
(46358, 2, 5, 23, 20, 1),
(46359, 1, 1, 27, 17, 3),
(46360, 1, 2, 23, 16, 1),
(46361, 1, 3, 27, 17, 4),
(46362, 1, 4, 40, 39, 0),
(46363, 1, 5, 22, 20, 0),
(46364, 2, 1, 34, 18, 3),
(46365, 2, 2, 19, 16, 1),
(46366, 2, 4, 39, 32, 1),
(46367, 2, 5, 23, 20, 1),
(46368, 1, 1, 27, 17, 3),
(46369, 1, 2, 23, 16, 1),
(46370, 1, 3, 27, 17, 4),
(46371, 1, 4, 40, 39, 0),
(46372, 1, 5, 22, 20, 0),
(46373, 2, 1, 34, 18, 3),
(46374, 2, 2, 19, 16, 1),
(46375, 2, 4, 39, 32, 1),
(46376, 2, 5, 23, 20, 1),
(46377, 1, 1, 27, 17, 3),
(46378, 1, 2, 23, 16, 1),
(46379, 1, 3, 27, 17, 4),
(46380, 1, 4, 40, 39, 0),
(46381, 1, 5, 22, 20, 0),
(46382, 2, 1, 34, 18, 3),
(46383, 2, 2, 19, 16, 1),
(46384, 2, 4, 39, 32, 1),
(46385, 2, 5, 23, 20, 1),
(46386, 1, 1, 27, 17, 3),
(46387, 1, 2, 23, 16, 1),
(46388, 1, 3, 27, 17, 4),
(46389, 1, 4, 40, 39, 0),
(46390, 1, 5, 22, 20, 0),
(46391, 2, 1, 34, 18, 3),
(46392, 2, 2, 19, 16, 1),
(46393, 2, 4, 39, 32, 1),
(46394, 2, 5, 23, 20, 1),
(46395, 1, 1, 27, 17, 3),
(46396, 1, 2, 23, 16, 1),
(46397, 1, 3, 27, 17, 4),
(46398, 1, 4, 40, 39, 0),
(46399, 1, 5, 22, 20, 0),
(46400, 2, 1, 34, 18, 3),
(46401, 2, 2, 19, 16, 1),
(46402, 2, 4, 39, 32, 1),
(46403, 2, 5, 23, 20, 1),
(46404, 1, 1, 27, 17, 3),
(46405, 1, 2, 23, 16, 1),
(46406, 1, 3, 27, 17, 4),
(46407, 1, 4, 40, 39, 0),
(46408, 1, 5, 22, 20, 0),
(46409, 2, 1, 34, 18, 3),
(46410, 2, 2, 19, 16, 1),
(46411, 2, 4, 39, 32, 1),
(46412, 2, 5, 23, 20, 1),
(46413, 1, 1, 27, 17, 3),
(46414, 1, 2, 23, 16, 1),
(46415, 1, 3, 27, 17, 4),
(46416, 1, 4, 40, 39, 0),
(46417, 1, 5, 22, 20, 0),
(46418, 2, 1, 34, 18, 3),
(46419, 2, 2, 19, 16, 1),
(46420, 2, 4, 39, 32, 1),
(46421, 2, 5, 23, 20, 1),
(46422, 1, 1, 27, 17, 3),
(46423, 1, 2, 23, 16, 1),
(46424, 1, 3, 27, 17, 4),
(46425, 1, 4, 40, 39, 0),
(46426, 1, 5, 22, 20, 0),
(46427, 2, 1, 34, 18, 3),
(46428, 2, 2, 19, 16, 1),
(46429, 2, 4, 39, 32, 1),
(46430, 2, 5, 23, 20, 1),
(46431, 1, 1, 27, 17, 3),
(46432, 1, 2, 23, 16, 1),
(46433, 1, 3, 27, 17, 4),
(46434, 1, 4, 40, 39, 0),
(46435, 1, 5, 22, 20, 0),
(46436, 2, 1, 34, 18, 3),
(46437, 2, 2, 19, 16, 1),
(46438, 2, 4, 39, 32, 1),
(46439, 2, 5, 23, 20, 1),
(46440, 1, 1, 27, 17, 3),
(46441, 1, 2, 23, 16, 1),
(46442, 1, 3, 27, 17, 4),
(46443, 1, 4, 40, 39, 0),
(46444, 1, 5, 22, 20, 0),
(46445, 2, 1, 34, 18, 3),
(46446, 2, 2, 19, 16, 1),
(46447, 2, 4, 39, 32, 1),
(46448, 2, 5, 23, 20, 1),
(46449, 1, 1, 27, 17, 3),
(46450, 1, 2, 23, 16, 1),
(46451, 1, 3, 27, 17, 4),
(46452, 1, 4, 40, 39, 0),
(46453, 1, 5, 22, 20, 0),
(46454, 2, 1, 34, 18, 3),
(46455, 2, 2, 19, 16, 1),
(46456, 2, 4, 39, 32, 1),
(46457, 2, 5, 23, 20, 1),
(46458, 1, 1, 27, 17, 3),
(46459, 1, 2, 23, 16, 1),
(46460, 1, 3, 27, 17, 4),
(46461, 1, 4, 40, 39, 0),
(46462, 1, 5, 22, 20, 0),
(46463, 2, 1, 34, 18, 3),
(46464, 2, 2, 19, 16, 1),
(46465, 2, 4, 39, 32, 1),
(46466, 2, 5, 23, 20, 1),
(46467, 1, 1, 27, 17, 3),
(46468, 1, 2, 23, 16, 1),
(46469, 1, 3, 27, 17, 4),
(46470, 1, 4, 40, 39, 0),
(46471, 1, 5, 22, 20, 0),
(46472, 2, 1, 34, 18, 3),
(46473, 2, 2, 19, 16, 1),
(46474, 2, 4, 39, 32, 1),
(46475, 2, 5, 23, 20, 1),
(46476, 1, 1, 27, 17, 3),
(46477, 1, 2, 23, 16, 1),
(46478, 1, 3, 27, 17, 4),
(46479, 1, 4, 40, 39, 0),
(46480, 1, 5, 22, 20, 0),
(46481, 2, 1, 34, 18, 3),
(46482, 2, 2, 19, 16, 1),
(46483, 2, 4, 39, 32, 1),
(46484, 2, 5, 23, 20, 1),
(46485, 1, 1, 27, 17, 3),
(46486, 1, 2, 23, 16, 1),
(46487, 1, 3, 27, 17, 4),
(46488, 1, 4, 40, 39, 0),
(46489, 1, 5, 22, 20, 0),
(46490, 2, 1, 34, 18, 3),
(46491, 2, 2, 19, 16, 1),
(46492, 2, 4, 39, 32, 1),
(46493, 2, 5, 23, 20, 1),
(46494, 1, 1, 27, 17, 3),
(46495, 1, 2, 23, 16, 1),
(46496, 1, 3, 27, 17, 4),
(46497, 1, 4, 40, 39, 0),
(46498, 1, 5, 22, 20, 0),
(46499, 2, 1, 34, 18, 3),
(46500, 2, 2, 19, 16, 1),
(46501, 2, 4, 39, 32, 1),
(46502, 2, 5, 23, 20, 1),
(46503, 1, 1, 27, 17, 3),
(46504, 1, 2, 23, 16, 1),
(46505, 1, 3, 27, 17, 4),
(46506, 1, 4, 40, 39, 0),
(46507, 1, 5, 22, 20, 0),
(46508, 2, 1, 34, 18, 3),
(46509, 2, 2, 19, 16, 1),
(46510, 2, 4, 39, 32, 1),
(46511, 2, 5, 23, 20, 1),
(46512, 1, 1, 27, 17, 3),
(46513, 1, 2, 23, 16, 1),
(46514, 1, 3, 27, 17, 4),
(46515, 1, 4, 40, 39, 0),
(46516, 1, 5, 22, 20, 0),
(46517, 2, 1, 34, 18, 3),
(46518, 2, 2, 19, 16, 1),
(46519, 2, 4, 39, 32, 1),
(46520, 2, 5, 23, 20, 1),
(46521, 1, 1, 27, 17, 3),
(46522, 1, 2, 23, 16, 1),
(46523, 1, 3, 27, 17, 4),
(46524, 1, 4, 40, 39, 0),
(46525, 1, 5, 22, 20, 0),
(46526, 2, 1, 34, 18, 3),
(46527, 2, 2, 19, 16, 1),
(46528, 2, 4, 39, 32, 1),
(46529, 2, 5, 23, 20, 1),
(46530, 1, 1, 27, 17, 3),
(46531, 1, 2, 23, 16, 1),
(46532, 1, 3, 27, 17, 4),
(46533, 1, 4, 40, 39, 0),
(46534, 1, 5, 22, 20, 0),
(46535, 2, 1, 34, 18, 3),
(46536, 2, 2, 19, 16, 1),
(46537, 2, 4, 39, 32, 1),
(46538, 2, 5, 23, 20, 1),
(46539, 1, 1, 27, 17, 3),
(46540, 1, 2, 23, 16, 1),
(46541, 1, 3, 27, 17, 4),
(46542, 1, 4, 40, 39, 0),
(46543, 1, 5, 22, 20, 0),
(46544, 2, 1, 34, 18, 3),
(46545, 2, 2, 19, 16, 1),
(46546, 2, 4, 39, 32, 1),
(46547, 2, 5, 23, 20, 1),
(46548, 1, 1, 27, 17, 3),
(46549, 1, 2, 23, 16, 1),
(46550, 1, 3, 27, 17, 4),
(46551, 1, 4, 40, 39, 0),
(46552, 1, 5, 22, 20, 0),
(46553, 2, 1, 34, 18, 3),
(46554, 2, 2, 19, 16, 1),
(46555, 2, 4, 39, 32, 1),
(46556, 2, 5, 23, 20, 1),
(46557, 1, 1, 27, 17, 3),
(46558, 1, 2, 23, 16, 1),
(46559, 1, 3, 27, 17, 4),
(46560, 1, 4, 40, 39, 0),
(46561, 1, 5, 22, 20, 0),
(46562, 2, 1, 34, 18, 3),
(46563, 2, 2, 19, 16, 1),
(46564, 2, 4, 39, 32, 1),
(46565, 2, 5, 23, 20, 1),
(46566, 1, 1, 27, 17, 3),
(46567, 1, 2, 23, 16, 1),
(46568, 1, 3, 27, 17, 4),
(46569, 1, 4, 40, 39, 0),
(46570, 1, 5, 22, 20, 0),
(46571, 2, 1, 34, 18, 3),
(46572, 2, 2, 19, 16, 1),
(46573, 2, 4, 39, 32, 1),
(46574, 2, 5, 23, 20, 1),
(46575, 1, 1, 27, 17, 3),
(46576, 1, 2, 23, 16, 1),
(46577, 1, 3, 27, 17, 4),
(46578, 1, 4, 40, 39, 0),
(46579, 1, 5, 22, 20, 0),
(46580, 2, 1, 34, 18, 3),
(46581, 2, 2, 19, 16, 1),
(46582, 2, 4, 39, 32, 1),
(46583, 2, 5, 23, 20, 1),
(46584, 1, 1, 27, 17, 3),
(46585, 1, 2, 23, 16, 1),
(46586, 1, 3, 27, 17, 4),
(46587, 1, 4, 40, 39, 0),
(46588, 1, 5, 22, 20, 0),
(46589, 2, 1, 34, 18, 3),
(46590, 2, 2, 19, 16, 1),
(46591, 2, 4, 39, 32, 1),
(46592, 2, 5, 23, 20, 1),
(46593, 1, 1, 27, 17, 3),
(46594, 1, 2, 23, 16, 1),
(46595, 1, 3, 27, 17, 4),
(46596, 1, 4, 40, 39, 0),
(46597, 1, 5, 22, 20, 0),
(46598, 2, 1, 34, 18, 3),
(46599, 2, 2, 19, 16, 1),
(46600, 2, 4, 39, 32, 1),
(46601, 2, 5, 23, 20, 1),
(46602, 1, 1, 27, 17, 3),
(46603, 1, 2, 23, 16, 1),
(46604, 1, 3, 27, 17, 4),
(46605, 1, 4, 40, 39, 0),
(46606, 1, 5, 22, 20, 0),
(46607, 2, 1, 34, 18, 3),
(46608, 2, 2, 19, 16, 1),
(46609, 2, 4, 39, 32, 1),
(46610, 2, 5, 23, 20, 1),
(46611, 1, 1, 27, 17, 3),
(46612, 1, 2, 23, 16, 1),
(46613, 1, 3, 27, 17, 4),
(46614, 1, 4, 40, 39, 0),
(46615, 1, 5, 22, 20, 0),
(46616, 2, 1, 34, 18, 3),
(46617, 2, 2, 19, 16, 1),
(46618, 2, 4, 39, 32, 1),
(46619, 2, 5, 23, 20, 1),
(46620, 1, 1, 27, 17, 3),
(46621, 1, 2, 23, 16, 1),
(46622, 1, 3, 27, 17, 4),
(46623, 1, 4, 40, 39, 0),
(46624, 1, 5, 22, 20, 0),
(46625, 2, 1, 34, 18, 3),
(46626, 2, 2, 19, 16, 1),
(46627, 2, 4, 39, 32, 1),
(46628, 2, 5, 23, 20, 1),
(46629, 1, 1, 27, 17, 3),
(46630, 1, 2, 23, 16, 1),
(46631, 1, 3, 27, 17, 4),
(46632, 1, 4, 40, 39, 0),
(46633, 1, 5, 22, 20, 0),
(46634, 2, 1, 34, 18, 3),
(46635, 2, 2, 19, 16, 1),
(46636, 2, 4, 39, 32, 1),
(46637, 2, 5, 23, 20, 1),
(46638, 1, 1, 27, 17, 3),
(46639, 1, 2, 23, 16, 1),
(46640, 1, 3, 27, 17, 4),
(46641, 1, 4, 40, 39, 0),
(46642, 1, 5, 22, 20, 0),
(46643, 2, 1, 34, 18, 3),
(46644, 2, 2, 19, 16, 1),
(46645, 2, 4, 39, 32, 1),
(46646, 2, 5, 23, 20, 1),
(46647, 1, 1, 27, 17, 3),
(46648, 1, 2, 23, 16, 1),
(46649, 1, 3, 27, 17, 4),
(46650, 1, 4, 40, 39, 0),
(46651, 1, 5, 22, 20, 0),
(46652, 2, 1, 34, 18, 3),
(46653, 2, 2, 19, 16, 1),
(46654, 2, 4, 39, 32, 1),
(46655, 2, 5, 23, 20, 1),
(46656, 1, 1, 27, 17, 3),
(46657, 1, 2, 23, 16, 1),
(46658, 1, 3, 27, 17, 4),
(46659, 1, 4, 40, 39, 0),
(46660, 1, 5, 22, 20, 0),
(46661, 2, 1, 34, 18, 3),
(46662, 2, 2, 19, 16, 1),
(46663, 2, 4, 39, 32, 1),
(46664, 2, 5, 23, 20, 1),
(46665, 1, 1, 27, 17, 3),
(46666, 1, 2, 23, 16, 1);

-- --------------------------------------------------------

--
-- Table structure for table `sensor`
--

CREATE TABLE `sensor` (
  `id` int(11) NOT NULL,
  `floor_id` int(11) NOT NULL,
  `zone_id` int(11) NOT NULL,
  `sensor_id` int(11) NOT NULL,
  `status` int(11) NOT NULL,
  `count` int(11) NOT NULL,
  `last_updated` timestamp NOT NULL DEFAULT current_timestamp() ON UPDATE current_timestamp()
) ENGINE=InnoDB DEFAULT CHARSET=utf8mb4 COLLATE=utf8mb4_general_ci;

--
-- Dumping data for table `sensor`
--

INSERT INTO `sensor` (`id`, `floor_id`, `zone_id`, `sensor_id`, `status`, `count`, `last_updated`) VALUES
(8866, 1, 1, 1, 1, 1, '2024-05-12 11:17:35'),
(8867, 1, 1, 2, 0, 1, '2024-05-12 11:17:35'),
(8868, 1, 1, 3, 0, 1, '2024-05-12 11:17:35'),
(8869, 1, 1, 4, 1, 1, '2024-05-12 11:17:35'),
(8870, 1, 1, 5, 1, 1, '2024-05-12 11:17:35'),
(8871, 1, 1, 6, 0, 1, '2024-05-12 11:17:35'),
(8872, 1, 1, 7, 1, 1, '2024-05-12 11:17:35'),
(8873, 1, 1, 8, 0, 1, '2024-05-12 11:17:35'),
(8874, 1, 1, 9, 1, 1, '2024-05-12 11:17:35'),
(8875, 1, 1, 10, 0, 1, '2024-05-12 11:17:36'),
(8876, 1, 1, 11, 0, 1, '2024-05-12 11:17:36'),
(8877, 1, 1, 12, 0, 1, '2024-05-12 11:17:36'),
(8878, 1, 1, 13, 0, 1, '2024-05-12 11:17:36'),
(8879, 1, 1, 14, 0, 1, '2024-05-12 11:17:36'),
(8880, 1, 1, 15, 0, 1, '2024-05-12 11:17:36'),
(8881, 1, 1, 16, 0, 1, '2024-05-12 11:17:36'),
(8882, 1, 1, 17, 0, 1, '2024-05-12 11:17:36'),
(8883, 1, 1, 18, 0, 1, '2024-05-12 11:17:36'),
(8884, 1, 1, 19, 0, 1, '2024-05-12 11:17:36'),
(8885, 1, 1, 20, 0, 1, '2024-05-12 11:17:36'),
(8886, 1, 1, 21, 0, 1, '2024-05-12 11:17:36'),
(8887, 1, 1, 22, 1, 1, '2024-05-12 11:17:36'),
(8888, 1, 1, 23, 0, 1, '2024-05-12 11:17:36'),
(8889, 1, 1, 24, 1, 1, '2024-05-12 11:17:36'),
(8890, 1, 1, 25, 3, 1, '2024-05-12 11:17:36'),
(8891, 1, 1, 26, 3, 1, '2024-05-12 11:17:36'),
(8892, 1, 1, 27, 3, 1, '2024-05-12 11:17:36'),
(8893, 1, 2, 1, 1, 1, '2024-05-12 11:17:36'),
(8894, 1, 2, 2, 1, 1, '2024-05-12 11:17:36'),
(8895, 1, 2, 3, 1, 1, '2024-05-12 11:17:36'),
(8896, 1, 2, 4, 1, 1, '2024-05-12 11:17:36'),
(8897, 1, 2, 5, 1, 1, '2024-05-12 11:17:36'),
(8898, 1, 2, 6, 0, 1, '2024-05-12 11:17:36'),
(8899, 1, 2, 7, 0, 1, '2024-05-12 11:17:36'),
(8900, 1, 2, 8, 0, 1, '2024-05-12 11:17:36'),
(8901, 1, 2, 9, 0, 1, '2024-05-12 11:17:36'),
(8902, 1, 2, 10, 0, 1, '2024-05-12 11:17:36'),
(8903, 1, 2, 11, 0, 1, '2024-05-12 11:17:36'),
(8904, 1, 2, 12, 0, 1, '2024-05-12 11:17:36'),
(8905, 1, 2, 13, 0, 1, '2024-05-12 11:17:36'),
(8906, 1, 2, 14, 0, 1, '2024-05-12 11:17:36'),
(8907, 1, 2, 15, 0, 1, '2024-05-12 11:17:36'),
(8908, 1, 2, 16, 3, 1, '2024-05-12 11:17:36'),
(8909, 1, 2, 17, 0, 1, '2024-05-12 11:17:36'),
(8910, 1, 2, 18, 0, 1, '2024-05-12 11:17:36'),
(8911, 1, 2, 19, 0, 1, '2024-05-12 11:17:36'),
(8912, 1, 2, 20, 0, 1, '2024-05-12 11:17:36'),
(8913, 1, 2, 21, 1, 1, '2024-05-12 11:17:36'),
(8914, 1, 2, 22, 0, 1, '2024-05-12 11:17:36'),
(8915, 1, 2, 23, 0, 1, '2024-05-12 11:17:36'),
(8916, 1, 3, 1, 1, 1, '2024-05-12 11:17:36'),
(8917, 1, 3, 2, 0, 1, '2024-05-12 11:17:36'),
(8918, 1, 3, 3, 1, 1, '2024-05-12 11:17:36'),
(8919, 1, 3, 4, 0, 1, '2024-05-12 11:17:36'),
(8920, 1, 3, 5, 0, 1, '2024-05-12 11:17:36'),
(8921, 1, 3, 6, 1, 1, '2024-05-12 11:17:36'),
(8922, 1, 3, 7, 0, 1, '2024-05-12 11:17:36'),
(8923, 1, 3, 8, 3, 1, '2024-05-12 11:17:36'),
(8924, 1, 3, 9, 0, 1, '2024-05-12 11:17:36'),
(8925, 1, 3, 10, 0, 1, '2024-05-12 11:17:36'),
(8926, 1, 3, 11, 0, 1, '2024-05-12 11:17:36'),
(8927, 1, 3, 12, 1, 1, '2024-05-12 11:17:36'),
(8928, 1, 3, 13, 0, 1, '2024-05-12 11:17:36'),
(8929, 1, 3, 14, 0, 1, '2024-05-12 11:17:36'),
(8930, 1, 3, 15, 3, 1, '2024-05-12 11:17:36'),
(8931, 1, 3, 16, 0, 1, '2024-05-12 11:17:36'),
(8932, 1, 3, 17, 1, 1, '2024-05-12 11:17:36'),
(8933, 1, 3, 18, 0, 1, '2024-05-12 11:17:36'),
(8934, 1, 3, 19, 3, 1, '2024-05-12 11:17:36'),
(8935, 1, 3, 20, 3, 1, '2024-05-12 11:17:36'),
(8936, 1, 3, 21, 0, 1, '2024-05-12 11:17:36'),
(8937, 1, 3, 22, 0, 1, '2024-05-12 11:17:36'),
(8938, 1, 3, 23, 1, 1, '2024-05-12 11:17:36'),
(8939, 1, 3, 24, 0, 1, '2024-05-12 11:17:36'),
(8940, 1, 3, 25, 0, 1, '2024-05-12 11:17:36'),
(8941, 1, 3, 26, 0, 1, '2024-05-12 11:17:36'),
(8942, 1, 3, 27, 0, 1, '2024-05-12 11:17:36'),
(8943, 1, 4, 1, 0, 1, '2024-05-12 11:17:36'),
(8944, 1, 4, 2, 0, 1, '2024-05-12 11:17:36'),
(8945, 1, 4, 3, 0, 1, '2024-05-12 11:17:36'),
(8946, 1, 4, 4, 0, 1, '2024-05-12 11:17:36'),
(8947, 1, 4, 5, 0, 1, '2024-05-12 11:17:36'),
(8948, 1, 4, 6, 0, 1, '2024-05-12 11:17:36'),
(8949, 1, 4, 7, 0, 1, '2024-05-12 11:17:36'),
(8950, 1, 4, 8, 0, 1, '2024-05-12 11:17:36'),
(8951, 1, 4, 9, 0, 1, '2024-05-12 11:17:36'),
(8952, 1, 4, 10, 0, 1, '2024-05-12 11:17:36'),
(8953, 1, 4, 11, 0, 1, '2024-05-12 11:17:36'),
(8954, 1, 4, 12, 0, 1, '2024-05-12 11:17:36'),
(8955, 1, 4, 13, 1, 1, '2024-05-12 11:17:36'),
(8956, 1, 4, 14, 0, 1, '2024-05-12 11:17:36'),
(8957, 1, 4, 15, 0, 1, '2024-05-12 11:17:36'),
(8958, 1, 4, 16, 0, 1, '2024-05-12 11:17:36'),
(8959, 1, 4, 17, 0, 1, '2024-05-12 11:17:36'),
(8960, 1, 4, 18, 0, 1, '2024-05-12 11:17:36'),
(8961, 1, 4, 19, 0, 1, '2024-05-12 11:17:36'),
(8962, 1, 4, 20, 0, 1, '2024-05-12 11:17:36'),
(8963, 1, 4, 21, 0, 1, '2024-05-12 11:17:36'),
(8964, 1, 4, 22, 0, 1, '2024-05-12 11:17:36'),
(8965, 1, 4, 23, 0, 1, '2024-05-12 11:17:36'),
(8966, 1, 4, 24, 0, 1, '2024-05-12 11:17:36'),
(8967, 1, 4, 25, 0, 1, '2024-05-12 11:17:36'),
(8968, 1, 4, 26, 0, 1, '2024-05-12 11:17:36'),
(8969, 1, 4, 27, 0, 1, '2024-05-12 11:17:36'),
(8970, 1, 4, 28, 0, 1, '2024-05-12 11:17:36'),
(8971, 1, 4, 29, 0, 1, '2024-05-12 11:17:36'),
(8972, 1, 4, 30, 0, 1, '2024-05-12 11:17:36'),
(8973, 1, 4, 31, 0, 1, '2024-05-12 11:17:36'),
(8974, 1, 4, 32, 0, 1, '2024-05-12 11:17:36'),
(8975, 1, 4, 33, 0, 1, '2024-05-12 11:17:36'),
(8976, 1, 4, 34, 0, 1, '2024-05-12 11:17:36'),
(8977, 1, 4, 35, 0, 1, '2024-05-12 11:17:36'),
(8978, 1, 4, 36, 0, 1, '2024-05-12 11:17:36'),
(8979, 1, 4, 37, 0, 1, '2024-05-12 11:17:36'),
(8980, 1, 4, 38, 0, 1, '2024-05-12 11:17:36'),
(8981, 1, 4, 39, 0, 1, '2024-05-12 11:17:36'),
(8982, 1, 4, 40, 0, 1, '2024-05-12 11:17:36'),
(8983, 1, 5, 1, 0, 1, '2024-05-12 11:17:36'),
(8984, 1, 5, 2, 0, 1, '2024-05-12 11:17:36'),
(8985, 1, 5, 3, 0, 1, '2024-05-12 11:17:36'),
(8986, 1, 5, 4, 0, 1, '2024-05-12 11:17:36'),
(8987, 1, 5, 5, 0, 1, '2024-05-12 11:17:36'),
(8988, 1, 5, 6, 0, 1, '2024-05-12 11:17:36'),
(8989, 1, 5, 7, 0, 1, '2024-05-12 11:17:36'),
(8990, 1, 5, 8, 0, 1, '2024-05-12 11:17:36'),
(8991, 1, 5, 9, 0, 1, '2024-05-12 11:17:36'),
(8992, 1, 5, 10, 0, 1, '2024-05-12 11:17:36'),
(8993, 1, 5, 11, 0, 1, '2024-05-12 11:17:36'),
(8994, 1, 5, 12, 0, 1, '2024-05-12 11:17:36'),
(8995, 1, 5, 13, 0, 1, '2024-05-12 11:17:36'),
(8996, 1, 5, 14, 1, 1, '2024-05-12 11:17:36'),
(8997, 1, 5, 15, 0, 1, '2024-05-12 11:17:36'),
(8998, 1, 5, 16, 0, 1, '2024-05-12 11:17:36'),
(8999, 1, 5, 17, 1, 1, '2024-05-12 11:17:36'),
(9000, 1, 5, 18, 0, 1, '2024-05-12 11:17:36'),
(9001, 1, 5, 19, 0, 1, '2024-05-12 11:17:36'),
(9002, 1, 5, 20, 0, 1, '2024-05-12 11:17:36'),
(9003, 1, 5, 21, 0, 1, '2024-05-12 11:17:36'),
(9004, 1, 5, 22, 0, 1, '2024-05-12 11:17:36'),
(9005, 2, 1, 1, 0, 1, '2024-05-12 11:17:36'),
(9006, 2, 1, 2, 0, 1, '2024-05-12 11:17:36'),
(9007, 2, 1, 3, 1, 1, '2024-05-12 11:17:36'),
(9008, 2, 1, 4, 1, 1, '2024-05-12 11:17:36'),
(9009, 2, 1, 5, 1, 1, '2024-05-12 11:17:36'),
(9010, 2, 1, 6, 0, 1, '2024-05-12 11:17:36'),
(9011, 2, 1, 7, 0, 1, '2024-05-12 11:17:36'),
(9012, 2, 1, 8, 0, 1, '2024-05-12 11:17:36'),
(9013, 2, 1, 9, 0, 1, '2024-05-12 11:17:36'),
(9014, 2, 1, 10, 0, 1, '2024-05-12 11:17:36'),
(9015, 2, 1, 11, 0, 1, '2024-05-12 11:17:36'),
(9016, 2, 1, 12, 0, 1, '2024-05-12 11:17:36'),
(9017, 2, 1, 13, 1, 1, '2024-05-12 11:17:36'),
(9018, 2, 1, 14, 1, 1, '2024-05-12 11:17:36'),
(9019, 2, 1, 15, 1, 1, '2024-05-12 11:17:36'),
(9020, 2, 1, 16, 0, 1, '2024-05-12 11:17:36'),
(9021, 2, 1, 17, 1, 1, '2024-05-12 11:17:36'),
(9022, 2, 1, 18, 1, 1, '2024-05-12 11:17:36'),
(9023, 2, 1, 19, 1, 1, '2024-05-12 11:17:36'),
(9024, 2, 1, 20, 0, 1, '2024-05-12 11:17:36'),
(9025, 2, 1, 21, 0, 1, '2024-05-12 11:17:36'),
(9026, 2, 1, 22, 1, 1, '2024-05-12 11:17:36'),
(9027, 2, 1, 23, 0, 1, '2024-05-12 11:17:36'),
(9028, 2, 1, 24, 0, 1, '2024-05-12 11:17:36'),
(9029, 2, 1, 25, 1, 1, '2024-05-12 11:17:36'),
(9030, 2, 1, 26, 0, 1, '2024-05-12 11:17:36'),
(9031, 2, 1, 27, 0, 1, '2024-05-12 11:17:36'),
(9032, 2, 1, 28, 3, 1, '2024-05-12 11:17:36'),
(9033, 2, 1, 29, 0, 1, '2024-05-12 11:17:36'),
(9034, 2, 1, 30, 0, 1, '2024-05-12 11:17:36'),
(9035, 2, 1, 31, 1, 1, '2024-05-12 11:17:36'),
(9036, 2, 1, 32, 1, 1, '2024-05-12 11:17:36'),
(9037, 2, 1, 33, 3, 1, '2024-05-12 11:17:36'),
(9038, 2, 1, 34, 3, 1, '2024-05-12 11:17:36'),
(9039, 2, 2, 1, 0, 1, '2024-05-12 11:17:36'),
(9040, 2, 2, 2, 1, 1, '2024-05-12 11:17:36'),
(9041, 2, 2, 3, 0, 1, '2024-05-12 11:17:36'),
(9042, 2, 2, 4, 0, 1, '2024-05-12 11:17:36'),
(9043, 2, 2, 5, 0, 1, '2024-05-12 11:17:36'),
(9044, 2, 2, 6, 0, 1, '2024-05-12 11:17:36'),
(9045, 2, 2, 7, 0, 1, '2024-05-12 11:17:36'),
(9046, 2, 2, 8, 0, 1, '2024-05-12 11:17:36'),
(9047, 2, 2, 9, 0, 1, '2024-05-12 11:17:36'),
(9048, 2, 2, 10, 0, 1, '2024-05-12 11:17:36'),
(9049, 2, 2, 11, 0, 1, '2024-05-12 11:17:36'),
(9050, 2, 2, 12, 1, 1, '2024-05-12 11:17:36'),
(9051, 2, 2, 13, 0, 1, '2024-05-12 11:17:36'),
(9052, 2, 2, 14, 0, 1, '2024-05-12 11:17:36'),
(9053, 2, 2, 15, 0, 1, '2024-05-12 11:17:36'),
(9054, 2, 2, 16, 0, 1, '2024-05-12 11:17:36'),
(9055, 2, 2, 17, 3, 1, '2024-05-12 11:17:36'),
(9056, 2, 2, 18, 0, 1, '2024-05-12 11:17:36'),
(9057, 2, 2, 19, 0, 1, '2024-05-12 11:17:36'),
(9058, 2, 4, 1, 0, 1, '2024-05-12 11:17:36'),
(9059, 2, 4, 2, 0, 1, '2024-05-12 11:17:36'),
(9060, 2, 4, 3, 0, 1, '2024-05-12 11:17:36'),
(9061, 2, 4, 4, 0, 1, '2024-05-12 11:17:36'),
(9062, 2, 4, 5, 0, 1, '2024-05-12 11:17:36'),
(9063, 2, 4, 6, 0, 1, '2024-05-12 11:17:36'),
(9064, 2, 4, 7, 0, 1, '2024-05-12 11:17:36'),
(9065, 2, 4, 8, 0, 1, '2024-05-12 11:17:36'),
(9066, 2, 4, 9, 0, 1, '2024-05-12 11:17:37'),
(9067, 2, 4, 10, 1, 1, '2024-05-12 11:17:37'),
(9068, 2, 4, 11, 0, 1, '2024-05-12 11:17:37'),
(9069, 2, 4, 12, 0, 1, '2024-05-12 11:17:37'),
(9070, 2, 4, 13, 0, 1, '2024-05-12 11:17:37'),
(9071, 2, 4, 14, 0, 1, '2024-05-12 11:17:37'),
(9072, 2, 4, 15, 3, 1, '2024-05-12 11:17:37'),
(9073, 2, 4, 16, 1, 1, '2024-05-12 11:17:37'),
(9074, 2, 4, 17, 0, 1, '2024-05-12 11:17:37'),
(9075, 2, 4, 18, 0, 1, '2024-05-12 11:17:37'),
(9076, 2, 4, 19, 0, 1, '2024-05-12 11:17:37'),
(9077, 2, 4, 20, 0, 1, '2024-05-12 11:17:37'),
(9078, 2, 4, 21, 0, 1, '2024-05-12 11:17:37'),
(9079, 2, 4, 22, 1, 1, '2024-05-12 11:17:37'),
(9080, 2, 4, 23, 0, 1, '2024-05-12 11:17:37'),
(9081, 2, 4, 24, 1, 1, '2024-05-12 11:17:37'),
(9082, 2, 4, 25, 0, 1, '2024-05-12 11:17:37'),
(9083, 2, 4, 26, 0, 1, '2024-05-12 11:17:37'),
(9084, 2, 4, 27, 0, 1, '2024-05-12 11:17:37'),
(9085, 2, 4, 28, 0, 1, '2024-05-12 11:17:37'),
(9086, 2, 4, 29, 1, 1, '2024-05-12 11:17:37'),
(9087, 2, 4, 30, 0, 1, '2024-05-12 11:17:37'),
(9088, 2, 4, 31, 1, 1, '2024-05-12 11:17:37'),
(9089, 2, 4, 32, 0, 1, '2024-05-12 11:17:37'),
(9090, 2, 4, 33, 0, 1, '2024-05-12 11:17:37'),
(9091, 2, 4, 34, 0, 1, '2024-05-12 11:17:37'),
(9092, 2, 4, 35, 0, 1, '2024-05-12 11:17:37'),
(9093, 2, 4, 36, 0, 1, '2024-05-12 11:17:37'),
(9094, 2, 4, 37, 0, 1, '2024-05-12 11:17:37'),
(9095, 2, 4, 38, 0, 1, '2024-05-12 11:17:37'),
(9096, 2, 4, 39, 0, 1, '2024-05-12 11:17:37'),
(9097, 2, 5, 1, 0, 1, '2024-05-12 11:17:37'),
(9098, 2, 5, 2, 0, 1, '2024-05-12 11:17:37'),
(9099, 2, 5, 3, 0, 1, '2024-05-12 11:17:37'),
(9100, 2, 5, 4, 3, 1, '2024-05-12 11:17:37'),
(9101, 2, 5, 5, 0, 1, '2024-05-12 11:17:37'),
(9102, 2, 5, 6, 0, 1, '2024-05-12 11:17:37'),
(9103, 2, 5, 7, 0, 1, '2024-05-12 11:17:37'),
(9104, 2, 5, 8, 0, 1, '2024-05-12 11:17:37'),
(9105, 2, 5, 9, 0, 1, '2024-05-12 11:17:37'),
(9106, 2, 5, 10, 0, 1, '2024-05-12 11:17:37'),
(9107, 2, 5, 11, 0, 1, '2024-05-12 11:17:37'),
(9108, 2, 5, 12, 0, 1, '2024-05-12 11:17:37'),
(9109, 2, 5, 13, 0, 1, '2024-05-12 11:17:37'),
(9110, 2, 5, 14, 0, 1, '2024-05-12 11:17:37'),
(9111, 2, 5, 15, 0, 1, '2024-05-12 11:17:37'),
(9112, 2, 5, 16, 0, 1, '2024-05-12 11:17:37'),
(9113, 2, 5, 17, 1, 1, '2024-05-12 11:17:37'),
(9114, 2, 5, 18, 0, 1, '2024-05-12 11:17:37'),
(9115, 2, 5, 19, 1, 1, '2024-05-12 11:17:37'),
(9116, 2, 5, 20, 0, 1, '2024-05-12 11:17:37'),
(9117, 2, 5, 21, 0, 1, '2024-05-12 11:17:37'),
(9118, 2, 5, 22, 0, 1, '2024-05-12 11:17:37'),
(9119, 2, 5, 23, 0, 1, '2024-05-12 11:17:37'),
(9120, 2, 3, 1, 0, 1, '2024-05-12 11:38:15'),
(9121, 2, 3, 2, 0, 1, '2024-05-12 11:38:15'),
(9122, 2, 3, 3, 0, 1, '2024-05-12 11:38:15'),
(9123, 2, 3, 4, 0, 1, '2024-05-12 11:38:15'),
(9124, 2, 3, 5, 0, 1, '2024-05-12 11:38:15'),
(9125, 2, 3, 6, 0, 1, '2024-05-12 11:38:15'),
(9126, 2, 3, 7, 1, 1, '2024-05-12 11:38:15'),
(9127, 2, 3, 8, 0, 1, '2024-05-12 11:38:15'),
(9128, 2, 3, 9, 0, 1, '2024-05-12 11:38:15'),
(9129, 2, 3, 10, 0, 1, '2024-05-12 11:38:15'),
(9130, 2, 3, 11, 0, 1, '2024-05-12 11:38:15'),
(9131, 2, 3, 12, 1, 1, '2024-05-12 11:38:15'),
(9132, 2, 3, 13, 0, 1, '2024-05-12 11:38:15'),
(9133, 2, 3, 14, 0, 1, '2024-05-12 11:38:15'),
(9134, 2, 3, 15, 0, 1, '2024-05-12 11:41:22'),
(9135, 2, 3, 16, 0, 1, '2024-05-12 11:38:15'),
(9136, 2, 3, 17, 0, 1, '2024-05-12 11:38:15'),
(9137, 2, 3, 18, 0, 1, '2024-05-12 11:41:17'),
(9138, 2, 3, 19, 0, 1, '2024-05-12 11:38:15'),
(9139, 2, 3, 20, 0, 1, '2024-05-12 11:41:12'),
(9140, 2, 3, 21, 0, 1, '2024-05-12 11:38:15'),
(9141, 2, 3, 22, 1, 1, '2024-05-12 11:38:15'),
(9142, 2, 3, 23, 0, 1, '2024-05-12 11:38:15'),
(9143, 2, 3, 24, 0, 1, '2024-05-12 11:38:15'),
(9144, 2, 3, 25, 0, 1, '2024-05-12 11:38:15'),
(9145, 2, 3, 26, 1, 1, '2024-05-12 11:38:15');

-- --------------------------------------------------------

--
-- Table structure for table `zone`
--

CREATE TABLE `zone` (
  `id` int(11) NOT NULL,
  `floor_id` int(11) DEFAULT NULL,
  `zone_id` int(11) DEFAULT NULL,
  `sensor_id` int(11) DEFAULT NULL
) ENGINE=InnoDB DEFAULT CHARSET=utf8mb4 COLLATE=utf8mb4_general_ci;

--
-- Indexes for dumped tables
--

--
-- Indexes for table `account_emailaddress`
--
ALTER TABLE `account_emailaddress`
  ADD PRIMARY KEY (`id`),
  ADD UNIQUE KEY `account_emailaddress_user_id_email_987c8728_uniq` (`user_id`,`email`);

--
-- Indexes for table `account_emailconfirmation`
--
ALTER TABLE `account_emailconfirmation`
  ADD PRIMARY KEY (`id`),
  ADD UNIQUE KEY `key` (`key`),
  ADD KEY `account_emailconfirm_email_address_id_5b7f8c58_fk_account_e` (`email_address_id`);

--
-- Indexes for table `activity_logs`
--
ALTER TABLE `activity_logs`
  ADD PRIMARY KEY (`id`),
  ADD UNIQUE KEY `unique_log_entry` (`floor_id`,`zone_id`,`sensor_id`);

--
-- Indexes for table `authtoken_token`
--
ALTER TABLE `authtoken_token`
  ADD PRIMARY KEY (`key`),
  ADD UNIQUE KEY `user_id` (`user_id`);

--
-- Indexes for table `auth_group`
--
ALTER TABLE `auth_group`
  ADD PRIMARY KEY (`id`),
  ADD UNIQUE KEY `name` (`name`);

--
-- Indexes for table `auth_group_permissions`
--
ALTER TABLE `auth_group_permissions`
  ADD PRIMARY KEY (`id`),
  ADD UNIQUE KEY `auth_group_permissions_group_id_permission_id_0cd325b0_uniq` (`group_id`,`permission_id`),
  ADD KEY `auth_group_permissio_permission_id_84c5c92e_fk_auth_perm` (`permission_id`);

--
-- Indexes for table `auth_permission`
--
ALTER TABLE `auth_permission`
  ADD PRIMARY KEY (`id`),
  ADD UNIQUE KEY `auth_permission_content_type_id_codename_01ab375a_uniq` (`content_type_id`,`codename`);

--
-- Indexes for table `auth_user`
--
ALTER TABLE `auth_user`
  ADD PRIMARY KEY (`id`),
  ADD UNIQUE KEY `username` (`username`);

--
-- Indexes for table `auth_user_groups`
--
ALTER TABLE `auth_user_groups`
  ADD PRIMARY KEY (`id`),
  ADD UNIQUE KEY `auth_user_groups_user_id_group_id_94350c0c_uniq` (`user_id`,`group_id`),
  ADD KEY `auth_user_groups_group_id_97559544_fk_auth_group_id` (`group_id`);

--
-- Indexes for table `auth_user_user_permissions`
--
ALTER TABLE `auth_user_user_permissions`
  ADD PRIMARY KEY (`id`),
  ADD UNIQUE KEY `auth_user_user_permissions_user_id_permission_id_14a6b632_uniq` (`user_id`,`permission_id`),
  ADD KEY `auth_user_user_permi_permission_id_1fbb5f2c_fk_auth_perm` (`permission_id`);

--
-- Indexes for table `django_admin_log`
--
ALTER TABLE `django_admin_log`
  ADD PRIMARY KEY (`id`),
  ADD KEY `django_admin_log_content_type_id_c4bce8eb_fk_django_co` (`content_type_id`),
  ADD KEY `django_admin_log_user_id_c564eba6_fk_auth_user_id` (`user_id`);

--
-- Indexes for table `django_content_type`
--
ALTER TABLE `django_content_type`
  ADD PRIMARY KEY (`id`),
  ADD UNIQUE KEY `django_content_type_app_label_model_76bd3d3b_uniq` (`app_label`,`model`);

--
-- Indexes for table `django_migrations`
--
ALTER TABLE `django_migrations`
  ADD PRIMARY KEY (`id`);

--
-- Indexes for table `django_session`
--
ALTER TABLE `django_session`
  ADD PRIMARY KEY (`session_key`),
  ADD KEY `django_session_expire_date_a5c62663` (`expire_date`);

--
-- Indexes for table `floor`
--
ALTER TABLE `floor`
  ADD PRIMARY KEY (`id`);

--
-- Indexes for table `floor_management`
--
ALTER TABLE `floor_management`
  ADD PRIMARY KEY (`id`);

--
-- Indexes for table `line_chart`
--
ALTER TABLE `line_chart`
  ADD PRIMARY KEY (`id`);

--
-- Indexes for table `sensor`
--
ALTER TABLE `sensor`
  ADD PRIMARY KEY (`id`),
  ADD UNIQUE KEY `floor_id` (`floor_id`,`zone_id`,`sensor_id`);

--
-- Indexes for table `zone`
--
ALTER TABLE `zone`
  ADD PRIMARY KEY (`id`);

--
-- AUTO_INCREMENT for dumped tables
--

--
-- AUTO_INCREMENT for table `account_emailaddress`
--
ALTER TABLE `account_emailaddress`
  MODIFY `id` int(11) NOT NULL AUTO_INCREMENT;

--
-- AUTO_INCREMENT for table `account_emailconfirmation`
--
ALTER TABLE `account_emailconfirmation`
  MODIFY `id` int(11) NOT NULL AUTO_INCREMENT;

--
-- AUTO_INCREMENT for table `activity_logs`
--
ALTER TABLE `activity_logs`
  MODIFY `id` int(11) NOT NULL AUTO_INCREMENT, AUTO_INCREMENT=53346;

--
-- AUTO_INCREMENT for table `auth_group`
--
ALTER TABLE `auth_group`
  MODIFY `id` int(11) NOT NULL AUTO_INCREMENT;

--
-- AUTO_INCREMENT for table `auth_group_permissions`
--
ALTER TABLE `auth_group_permissions`
  MODIFY `id` bigint(20) NOT NULL AUTO_INCREMENT;

--
-- AUTO_INCREMENT for table `auth_permission`
--
ALTER TABLE `auth_permission`
  MODIFY `id` int(11) NOT NULL AUTO_INCREMENT, AUTO_INCREMENT=77;

--
-- AUTO_INCREMENT for table `auth_user`
--
ALTER TABLE `auth_user`
  MODIFY `id` int(11) NOT NULL AUTO_INCREMENT;

--
-- AUTO_INCREMENT for table `auth_user_groups`
--
ALTER TABLE `auth_user_groups`
  MODIFY `id` bigint(20) NOT NULL AUTO_INCREMENT;

--
-- AUTO_INCREMENT for table `auth_user_user_permissions`
--
ALTER TABLE `auth_user_user_permissions`
  MODIFY `id` bigint(20) NOT NULL AUTO_INCREMENT;

--
-- AUTO_INCREMENT for table `django_admin_log`
--
ALTER TABLE `django_admin_log`
  MODIFY `id` int(11) NOT NULL AUTO_INCREMENT;

--
-- AUTO_INCREMENT for table `django_content_type`
--
ALTER TABLE `django_content_type`
  MODIFY `id` int(11) NOT NULL AUTO_INCREMENT, AUTO_INCREMENT=20;

--
-- AUTO_INCREMENT for table `django_migrations`
--
ALTER TABLE `django_migrations`
  MODIFY `id` bigint(20) NOT NULL AUTO_INCREMENT, AUTO_INCREMENT=31;

--
-- AUTO_INCREMENT for table `floor`
--
ALTER TABLE `floor`
  MODIFY `id` int(11) NOT NULL AUTO_INCREMENT;

--
-- AUTO_INCREMENT for table `floor_management`
--
ALTER TABLE `floor_management`
  MODIFY `id` bigint(20) NOT NULL AUTO_INCREMENT;

--
-- AUTO_INCREMENT for table `line_chart`
--
ALTER TABLE `line_chart`
  MODIFY `id` int(11) NOT NULL AUTO_INCREMENT, AUTO_INCREMENT=46667;

--
-- AUTO_INCREMENT for table `sensor`
--
ALTER TABLE `sensor`
  MODIFY `id` int(11) NOT NULL AUTO_INCREMENT, AUTO_INCREMENT=9146;

--
-- AUTO_INCREMENT for table `zone`
--
ALTER TABLE `zone`
  MODIFY `id` int(11) NOT NULL AUTO_INCREMENT;

--
-- Constraints for dumped tables
--

--
-- Constraints for table `account_emailaddress`
--
ALTER TABLE `account_emailaddress`
  ADD CONSTRAINT `account_emailaddress_user_id_2c513194_fk_auth_user_id` FOREIGN KEY (`user_id`) REFERENCES `auth_user` (`id`);

--
-- Constraints for table `account_emailconfirmation`
--
ALTER TABLE `account_emailconfirmation`
  ADD CONSTRAINT `account_emailconfirm_email_address_id_5b7f8c58_fk_account_e` FOREIGN KEY (`email_address_id`) REFERENCES `account_emailaddress` (`id`);

--
-- Constraints for table `authtoken_token`
--
ALTER TABLE `authtoken_token`
  ADD CONSTRAINT `authtoken_token_user_id_35299eff_fk_auth_user_id` FOREIGN KEY (`user_id`) REFERENCES `auth_user` (`id`);

--
-- Constraints for table `auth_group_permissions`
--
ALTER TABLE `auth_group_permissions`
  ADD CONSTRAINT `auth_group_permissio_permission_id_84c5c92e_fk_auth_perm` FOREIGN KEY (`permission_id`) REFERENCES `auth_permission` (`id`),
  ADD CONSTRAINT `auth_group_permissions_group_id_b120cbf9_fk_auth_group_id` FOREIGN KEY (`group_id`) REFERENCES `auth_group` (`id`);

--
-- Constraints for table `auth_permission`
--
ALTER TABLE `auth_permission`
  ADD CONSTRAINT `auth_permission_content_type_id_2f476e4b_fk_django_co` FOREIGN KEY (`content_type_id`) REFERENCES `django_content_type` (`id`);

--
-- Constraints for table `auth_user_groups`
--
ALTER TABLE `auth_user_groups`
  ADD CONSTRAINT `auth_user_groups_group_id_97559544_fk_auth_group_id` FOREIGN KEY (`group_id`) REFERENCES `auth_group` (`id`),
  ADD CONSTRAINT `auth_user_groups_user_id_6a12ed8b_fk_auth_user_id` FOREIGN KEY (`user_id`) REFERENCES `auth_user` (`id`);

--
-- Constraints for table `auth_user_user_permissions`
--
ALTER TABLE `auth_user_user_permissions`
  ADD CONSTRAINT `auth_user_user_permi_permission_id_1fbb5f2c_fk_auth_perm` FOREIGN KEY (`permission_id`) REFERENCES `auth_permission` (`id`),
  ADD CONSTRAINT `auth_user_user_permissions_user_id_a95ead1b_fk_auth_user_id` FOREIGN KEY (`user_id`) REFERENCES `auth_user` (`id`);

--
-- Constraints for table `django_admin_log`
--
ALTER TABLE `django_admin_log`
  ADD CONSTRAINT `django_admin_log_content_type_id_c4bce8eb_fk_django_co` FOREIGN KEY (`content_type_id`) REFERENCES `django_content_type` (`id`),
  ADD CONSTRAINT `django_admin_log_user_id_c564eba6_fk_auth_user_id` FOREIGN KEY (`user_id`) REFERENCES `auth_user` (`id`);
COMMIT;

/*!40101 SET CHARACTER_SET_CLIENT=@OLD_CHARACTER_SET_CLIENT */;
/*!40101 SET CHARACTER_SET_RESULTS=@OLD_CHARACTER_SET_RESULTS */;
/*!40101 SET COLLATION_CONNECTION=@OLD_COLLATION_CONNECTION */;
