-- phpMyAdmin SQL Dump
-- version 5.2.1
-- https://www.phpmyadmin.net/
--
-- Host: 127.0.0.1
-- Generation Time: May 04, 2024 at 06:39 PM
-- Server version: 10.4.28-MariaDB
-- PHP Version: 8.2.4

SET SQL_MODE = "NO_AUTO_VALUE_ON_ZERO";
START TRANSACTION;
SET time_zone = "+00:00";


/*!40101 SET @OLD_CHARACTER_SET_CLIENT=@@CHARACTER_SET_CLIENT */;
/*!40101 SET @OLD_CHARACTER_SET_RESULTS=@@CHARACTER_SET_RESULTS */;
/*!40101 SET @OLD_COLLATION_CONNECTION=@@COLLATION_CONNECTION */;
/*!40101 SET NAMES utf8mb4 */;

--
-- Database: `pgs_sensor`
--

-- --------------------------------------------------------

--
-- Table structure for table `account_emailaddress`
--

CREATE TABLE `account_emailaddress` (
  `id` int(11) NOT NULL,
  `email` varchar(254) NOT NULL,
  `verified` tinyint(1) NOT NULL,
  `primary` tinyint(1) NOT NULL,
  `user_id` int(11) NOT NULL
) ENGINE=InnoDB DEFAULT CHARSET=utf8mb4 COLLATE=utf8mb4_general_ci;

-- --------------------------------------------------------

--
-- Table structure for table `account_emailconfirmation`
--

CREATE TABLE `account_emailconfirmation` (
  `id` int(11) NOT NULL,
  `created` datetime(6) NOT NULL,
  `sent` datetime(6) DEFAULT NULL,
  `key` varchar(64) NOT NULL,
  `email_address_id` int(11) NOT NULL
) ENGINE=InnoDB DEFAULT CHARSET=utf8mb4 COLLATE=utf8mb4_general_ci;

-- --------------------------------------------------------

--
-- Table structure for table `activity_logs`
--

CREATE TABLE `activity_logs` (
  `id` int(11) NOT NULL,
  `floor_id` int(11) NOT NULL,
  `zone_id` int(11) NOT NULL,
  `sensor_id` int(11) NOT NULL,
  `issue` varchar(255) NOT NULL,
  `created_at` timestamp NOT NULL DEFAULT current_timestamp() ON UPDATE current_timestamp()
) ENGINE=InnoDB DEFAULT CHARSET=utf8mb4 COLLATE=utf8mb4_general_ci;

--
-- Dumping data for table `activity_logs`
--

INSERT INTO `activity_logs` (`id`, `floor_id`, `zone_id`, `sensor_id`, `issue`, `created_at`) VALUES
(39081, 1, 1, 25, 'Faulty', '2024-05-04 08:40:18'),
(39082, 1, 1, 26, 'Faulty', '2024-05-04 08:40:18'),
(39083, 1, 1, 27, 'Faulty', '2024-05-04 08:40:18'),
(39084, 1, 2, 16, 'Faulty', '2024-05-04 08:40:18'),
(39085, 1, 3, 8, 'Faulty', '2024-05-04 08:40:18'),
(39086, 1, 3, 19, 'Faulty', '2024-05-04 08:40:18'),
(39087, 1, 3, 20, 'Faulty', '2024-05-04 08:40:18'),
(39088, 1, 5, 8, 'Faulty', '2024-05-04 08:40:18');

-- --------------------------------------------------------

--
-- Table structure for table `authtoken_token`
--

CREATE TABLE `authtoken_token` (
  `key` varchar(40) NOT NULL,
  `created` datetime(6) NOT NULL,
  `user_id` int(11) NOT NULL
) ENGINE=InnoDB DEFAULT CHARSET=utf8mb4 COLLATE=utf8mb4_general_ci;

-- --------------------------------------------------------

--
-- Table structure for table `auth_group`
--

CREATE TABLE `auth_group` (
  `id` int(11) NOT NULL,
  `name` varchar(150) NOT NULL
) ENGINE=InnoDB DEFAULT CHARSET=utf8mb4 COLLATE=utf8mb4_general_ci;

-- --------------------------------------------------------

--
-- Table structure for table `auth_group_permissions`
--

CREATE TABLE `auth_group_permissions` (
  `id` bigint(20) NOT NULL,
  `group_id` int(11) NOT NULL,
  `permission_id` int(11) NOT NULL
) ENGINE=InnoDB DEFAULT CHARSET=utf8mb4 COLLATE=utf8mb4_general_ci;

-- --------------------------------------------------------

--
-- Table structure for table `auth_permission`
--

CREATE TABLE `auth_permission` (
  `id` int(11) NOT NULL,
  `name` varchar(255) NOT NULL,
  `content_type_id` int(11) NOT NULL,
  `codename` varchar(100) NOT NULL
) ENGINE=InnoDB DEFAULT CHARSET=utf8mb4 COLLATE=utf8mb4_general_ci;

--
-- Dumping data for table `auth_permission`
--

INSERT INTO `auth_permission` (`id`, `name`, `content_type_id`, `codename`) VALUES
(1, 'Can add log entry', 1, 'add_logentry'),
(2, 'Can change log entry', 1, 'change_logentry'),
(3, 'Can delete log entry', 1, 'delete_logentry'),
(4, 'Can view log entry', 1, 'view_logentry'),
(5, 'Can add permission', 2, 'add_permission'),
(6, 'Can change permission', 2, 'change_permission'),
(7, 'Can delete permission', 2, 'delete_permission'),
(8, 'Can view permission', 2, 'view_permission'),
(9, 'Can add group', 3, 'add_group'),
(10, 'Can change group', 3, 'change_group'),
(11, 'Can delete group', 3, 'delete_group'),
(12, 'Can view group', 3, 'view_group'),
(13, 'Can add user', 4, 'add_user'),
(14, 'Can change user', 4, 'change_user'),
(15, 'Can delete user', 4, 'delete_user'),
(16, 'Can view user', 4, 'view_user'),
(17, 'Can add content type', 5, 'add_contenttype'),
(18, 'Can change content type', 5, 'change_contenttype'),
(19, 'Can delete content type', 5, 'delete_contenttype'),
(20, 'Can view content type', 5, 'view_contenttype'),
(21, 'Can add session', 6, 'add_session'),
(22, 'Can change session', 6, 'change_session'),
(23, 'Can delete session', 6, 'delete_session'),
(24, 'Can view session', 6, 'view_session'),
(25, 'Can add Token', 7, 'add_token'),
(26, 'Can change Token', 7, 'change_token'),
(27, 'Can delete Token', 7, 'delete_token'),
(28, 'Can view Token', 7, 'view_token'),
(29, 'Can add token', 8, 'add_tokenproxy'),
(30, 'Can change token', 8, 'change_tokenproxy'),
(31, 'Can delete token', 8, 'delete_tokenproxy'),
(32, 'Can view token', 8, 'view_tokenproxy'),
(33, 'Can add social application', 9, 'add_socialapp'),
(34, 'Can change social application', 9, 'change_socialapp'),
(35, 'Can delete social application', 9, 'delete_socialapp'),
(36, 'Can view social application', 9, 'view_socialapp'),
(37, 'Can add social account', 10, 'add_socialaccount'),
(38, 'Can change social account', 10, 'change_socialaccount'),
(39, 'Can delete social account', 10, 'delete_socialaccount'),
(40, 'Can view social account', 10, 'view_socialaccount'),
(41, 'Can add social application token', 11, 'add_socialtoken'),
(42, 'Can change social application token', 11, 'change_socialtoken'),
(43, 'Can delete social application token', 11, 'delete_socialtoken'),
(44, 'Can view social application token', 11, 'view_socialtoken'),
(45, 'Can add email address', 12, 'add_emailaddress'),
(46, 'Can change email address', 12, 'change_emailaddress'),
(47, 'Can delete email address', 12, 'delete_emailaddress'),
(48, 'Can view email address', 12, 'view_emailaddress'),
(49, 'Can add email confirmation', 13, 'add_emailconfirmation'),
(50, 'Can change email confirmation', 13, 'change_emailconfirmation'),
(51, 'Can delete email confirmation', 13, 'delete_emailconfirmation'),
(52, 'Can view email confirmation', 13, 'view_emailconfirmation'),
(53, 'Can add floor management', 14, 'add_floormanagement'),
(54, 'Can change floor management', 14, 'change_floormanagement'),
(55, 'Can delete floor management', 14, 'delete_floormanagement'),
(56, 'Can view floor management', 14, 'view_floormanagement'),
(57, 'Can add activity log', 15, 'add_activitylog'),
(58, 'Can change activity log', 15, 'change_activitylog'),
(59, 'Can delete activity log', 15, 'delete_activitylog'),
(60, 'Can view activity log', 15, 'view_activitylog'),
(61, 'Can add floor', 16, 'add_floor'),
(62, 'Can change floor', 16, 'change_floor'),
(63, 'Can delete floor', 16, 'delete_floor'),
(64, 'Can view floor', 16, 'view_floor'),
(65, 'Can add line chart', 17, 'add_linechart'),
(66, 'Can change line chart', 17, 'change_linechart'),
(67, 'Can delete line chart', 17, 'delete_linechart'),
(68, 'Can view line chart', 17, 'view_linechart'),
(69, 'Can add sensor', 18, 'add_sensor'),
(70, 'Can change sensor', 18, 'change_sensor'),
(71, 'Can delete sensor', 18, 'delete_sensor'),
(72, 'Can view sensor', 18, 'view_sensor'),
(73, 'Can add zone', 19, 'add_zone'),
(74, 'Can change zone', 19, 'change_zone'),
(75, 'Can delete zone', 19, 'delete_zone'),
(76, 'Can view zone', 19, 'view_zone');

-- --------------------------------------------------------

--
-- Table structure for table `auth_user`
--

CREATE TABLE `auth_user` (
  `id` int(11) NOT NULL,
  `password` varchar(128) NOT NULL,
  `last_login` datetime(6) DEFAULT NULL,
  `is_superuser` tinyint(1) NOT NULL,
  `username` varchar(150) NOT NULL,
  `first_name` varchar(150) NOT NULL,
  `last_name` varchar(150) NOT NULL,
  `email` varchar(254) NOT NULL,
  `is_staff` tinyint(1) NOT NULL,
  `is_active` tinyint(1) NOT NULL,
  `date_joined` datetime(6) NOT NULL
) ENGINE=InnoDB DEFAULT CHARSET=utf8mb4 COLLATE=utf8mb4_general_ci;

-- --------------------------------------------------------

--
-- Table structure for table `auth_user_groups`
--

CREATE TABLE `auth_user_groups` (
  `id` bigint(20) NOT NULL,
  `user_id` int(11) NOT NULL,
  `group_id` int(11) NOT NULL
) ENGINE=InnoDB DEFAULT CHARSET=utf8mb4 COLLATE=utf8mb4_general_ci;

-- --------------------------------------------------------

--
-- Table structure for table `auth_user_user_permissions`
--

CREATE TABLE `auth_user_user_permissions` (
  `id` bigint(20) NOT NULL,
  `user_id` int(11) NOT NULL,
  `permission_id` int(11) NOT NULL
) ENGINE=InnoDB DEFAULT CHARSET=utf8mb4 COLLATE=utf8mb4_general_ci;

-- --------------------------------------------------------

--
-- Table structure for table `django_admin_log`
--

CREATE TABLE `django_admin_log` (
  `id` int(11) NOT NULL,
  `action_time` datetime(6) NOT NULL,
  `object_id` longtext DEFAULT NULL,
  `object_repr` varchar(200) NOT NULL,
  `action_flag` smallint(5) UNSIGNED NOT NULL CHECK (`action_flag` >= 0),
  `change_message` longtext NOT NULL,
  `content_type_id` int(11) DEFAULT NULL,
  `user_id` int(11) NOT NULL
) ENGINE=InnoDB DEFAULT CHARSET=utf8mb4 COLLATE=utf8mb4_general_ci;

-- --------------------------------------------------------

--
-- Table structure for table `django_content_type`
--

CREATE TABLE `django_content_type` (
  `id` int(11) NOT NULL,
  `app_label` varchar(100) NOT NULL,
  `model` varchar(100) NOT NULL
) ENGINE=InnoDB DEFAULT CHARSET=utf8mb4 COLLATE=utf8mb4_general_ci;

--
-- Dumping data for table `django_content_type`
--

INSERT INTO `django_content_type` (`id`, `app_label`, `model`) VALUES
(12, 'account', 'emailaddress'),
(13, 'account', 'emailconfirmation'),
(1, 'admin', 'logentry'),
(10, 'allauth', 'socialaccount'),
(9, 'allauth', 'socialapp'),
(11, 'allauth', 'socialtoken'),
(3, 'auth', 'group'),
(2, 'auth', 'permission'),
(4, 'auth', 'user'),
(7, 'authtoken', 'token'),
(8, 'authtoken', 'tokenproxy'),
(5, 'contenttypes', 'contenttype'),
(15, 'dashboard_data', 'activitylog'),
(16, 'dashboard_data', 'floor'),
(17, 'dashboard_data', 'linechart'),
(18, 'dashboard_data', 'sensor'),
(19, 'dashboard_data', 'zone'),
(14, 'floor_management', 'floormanagement'),
(6, 'sessions', 'session');

-- --------------------------------------------------------

--
-- Table structure for table `django_migrations`
--

CREATE TABLE `django_migrations` (
  `id` bigint(20) NOT NULL,
  `app` varchar(255) NOT NULL,
  `name` varchar(255) NOT NULL,
  `applied` datetime(6) NOT NULL
) ENGINE=InnoDB DEFAULT CHARSET=utf8mb4 COLLATE=utf8mb4_general_ci;

--
-- Dumping data for table `django_migrations`
--

INSERT INTO `django_migrations` (`id`, `app`, `name`, `applied`) VALUES
(1, 'contenttypes', '0001_initial', '2024-02-12 17:29:30.624520'),
(2, 'auth', '0001_initial', '2024-02-12 17:29:31.663623'),
(3, 'account', '0001_initial', '2024-02-12 17:29:32.047001'),
(4, 'account', '0002_email_max_length', '2024-02-12 17:29:32.105367'),
(5, 'account', '0003_alter_emailaddress_create_unique_verified_email', '2024-02-12 17:29:32.109177'),
(6, 'account', '0004_alter_emailaddress_drop_unique_email', '2024-02-12 17:29:32.138863'),
(7, 'account', '0005_emailaddress_idx_upper_email', '2024-02-12 17:29:32.171122'),
(8, 'admin', '0001_initial', '2024-02-12 17:29:32.440376'),
(9, 'admin', '0002_logentry_remove_auto_add', '2024-02-12 17:29:32.470773'),
(10, 'admin', '0003_logentry_add_action_flag_choices', '2024-02-12 17:29:32.518987'),
(11, 'contenttypes', '0002_remove_content_type_name', '2024-02-12 17:29:32.660286'),
(12, 'auth', '0002_alter_permission_name_max_length', '2024-02-12 17:29:32.791655'),
(13, 'auth', '0003_alter_user_email_max_length', '2024-02-12 17:29:32.818711'),
(14, 'auth', '0004_alter_user_username_opts', '2024-02-12 17:29:32.849495'),
(15, 'auth', '0005_alter_user_last_login_null', '2024-02-12 17:29:32.929155'),
(16, 'auth', '0006_require_contenttypes_0002', '2024-02-12 17:29:32.929155'),
(17, 'auth', '0007_alter_validators_add_error_messages', '2024-02-12 17:29:32.973977'),
(18, 'auth', '0008_alter_user_username_max_length', '2024-02-12 17:29:33.054919'),
(19, 'auth', '0009_alter_user_last_name_max_length', '2024-02-12 17:29:33.102335'),
(20, 'auth', '0010_alter_group_name_max_length', '2024-02-12 17:29:33.156394'),
(21, 'auth', '0011_update_proxy_permissions', '2024-02-12 17:29:33.215879'),
(22, 'auth', '0012_alter_user_first_name_max_length', '2024-02-12 17:29:33.293036'),
(23, 'authtoken', '0001_initial', '2024-02-12 17:29:33.466389'),
(24, 'authtoken', '0002_auto_20160226_1747', '2024-02-12 17:29:33.594552'),
(25, 'authtoken', '0003_tokenproxy', '2024-02-12 17:29:33.608584'),
(26, 'dashboard_data', '0001_initial_migration', '2024-02-12 17:29:33.788474'),
(27, 'dashboard_data', '0002_add_unique_key_constraint', '2024-02-12 17:29:33.843333'),
(28, 'floor_management', '0001_add_floor_management_table', '2024-02-12 17:29:33.880097'),
(29, 'floor_management', '0002_alter_floormanagement_available_and_more', '2024-02-12 17:29:34.261833'),
(30, 'sessions', '0001_initial', '2024-02-12 17:29:34.337974');

-- --------------------------------------------------------

--
-- Table structure for table `django_session`
--

CREATE TABLE `django_session` (
  `session_key` varchar(40) NOT NULL,
  `session_data` longtext NOT NULL,
  `expire_date` datetime(6) NOT NULL
) ENGINE=InnoDB DEFAULT CHARSET=utf8mb4 COLLATE=utf8mb4_general_ci;

-- --------------------------------------------------------

--
-- Table structure for table `floor`
--

CREATE TABLE `floor` (
  `id` int(11) NOT NULL,
  `parking_name` varchar(255) DEFAULT NULL,
  `floor_id` int(11) DEFAULT NULL
) ENGINE=InnoDB DEFAULT CHARSET=utf8mb4 COLLATE=utf8mb4_general_ci;

-- --------------------------------------------------------

--
-- Table structure for table `floor_management`
--

CREATE TABLE `floor_management` (
  `id` bigint(20) NOT NULL,
  `floor_id` int(10) UNSIGNED NOT NULL CHECK (`floor_id` >= 0),
  `connected_parking` varchar(255) NOT NULL,
  `floor_name` varchar(255) NOT NULL,
  `total_slots` int(10) UNSIGNED DEFAULT NULL,
  `available` int(10) UNSIGNED DEFAULT NULL,
  `occupied` int(10) UNSIGNED DEFAULT NULL,
  `sensors` int(10) UNSIGNED DEFAULT NULL,
  `status` tinyint(1) NOT NULL,
  `created_at` datetime(6) NOT NULL,
  `updated_at` datetime(6) NOT NULL
) ENGINE=InnoDB DEFAULT CHARSET=utf8mb4 COLLATE=utf8mb4_general_ci;

-- --------------------------------------------------------

--
-- Table structure for table `line_chart`
--

CREATE TABLE `line_chart` (
  `id` int(11) NOT NULL,
  `floor_id` int(11) NOT NULL,
  `zone_id` int(11) NOT NULL,
  `total_available` int(11) NOT NULL,
  `total_vacant` int(11) NOT NULL,
  `total_faulty` int(11) NOT NULL
) ENGINE=InnoDB DEFAULT CHARSET=utf8mb4 COLLATE=utf8mb4_general_ci;

--
-- Dumping data for table `line_chart`
--

INSERT INTO `line_chart` (`id`, `floor_id`, `zone_id`, `total_available`, `total_vacant`, `total_faulty`) VALUES
(37452, 1, 1, 27, 15, 3),
(37453, 1, 2, 23, 19, 1),
(37454, 1, 3, 27, 9, 3),
(37455, 1, 4, 40, 40, 0),
(37456, 1, 5, 22, 20, 1),
(37457, 1, 1, 27, 15, 3),
(37458, 1, 2, 23, 19, 1),
(37459, 1, 3, 27, 9, 3),
(37460, 1, 4, 40, 40, 0),
(37461, 1, 5, 22, 20, 1),
(37462, 1, 1, 27, 15, 3),
(37463, 1, 2, 23, 19, 1),
(37464, 1, 3, 27, 9, 3),
(37465, 1, 4, 40, 40, 0),
(37466, 1, 5, 22, 20, 1),
(37467, 1, 1, 27, 15, 3),
(37468, 1, 2, 23, 19, 1),
(37469, 1, 3, 27, 9, 3),
(37470, 1, 4, 40, 40, 0),
(37471, 1, 5, 22, 20, 1),
(37472, 1, 1, 27, 15, 3),
(37473, 1, 2, 23, 19, 1),
(37474, 1, 3, 27, 9, 3),
(37475, 1, 4, 40, 40, 0),
(37476, 1, 5, 22, 20, 1),
(37477, 1, 1, 27, 15, 3),
(37478, 1, 2, 23, 19, 1),
(37479, 1, 3, 27, 9, 3),
(37480, 1, 4, 40, 40, 0),
(37481, 1, 5, 22, 20, 1),
(37482, 1, 1, 27, 15, 3),
(37483, 1, 2, 23, 19, 1),
(37484, 1, 3, 27, 9, 3),
(37485, 1, 4, 40, 40, 0),
(37486, 1, 5, 22, 20, 1),
(37487, 1, 1, 27, 15, 3),
(37488, 1, 2, 23, 19, 1),
(37489, 1, 3, 27, 9, 3),
(37490, 1, 4, 40, 40, 0),
(37491, 1, 5, 22, 20, 1),
(37492, 1, 1, 27, 15, 3),
(37493, 1, 2, 23, 19, 1),
(37494, 1, 3, 27, 9, 3),
(37495, 1, 4, 40, 40, 0),
(37496, 1, 5, 22, 20, 1),
(37497, 1, 1, 27, 15, 3),
(37498, 1, 2, 23, 19, 1),
(37499, 1, 3, 27, 9, 3),
(37500, 1, 4, 40, 40, 0),
(37501, 1, 5, 22, 20, 1),
(37502, 1, 1, 27, 15, 3),
(37503, 1, 2, 23, 19, 1),
(37504, 1, 3, 27, 9, 3),
(37505, 1, 4, 40, 40, 0),
(37506, 1, 5, 22, 20, 1),
(37507, 1, 1, 27, 15, 3),
(37508, 1, 2, 23, 19, 1),
(37509, 1, 3, 27, 9, 3),
(37510, 1, 4, 40, 40, 0),
(37511, 1, 5, 22, 20, 1),
(37512, 1, 1, 27, 15, 3),
(37513, 1, 2, 23, 19, 1),
(37514, 1, 3, 27, 9, 3),
(37515, 1, 4, 40, 40, 0),
(37516, 1, 5, 22, 20, 1),
(37517, 1, 1, 27, 15, 3),
(37518, 1, 2, 23, 19, 1),
(37519, 1, 3, 27, 9, 3),
(37520, 1, 4, 40, 40, 0),
(37521, 1, 5, 22, 20, 1),
(37522, 1, 1, 27, 15, 3),
(37523, 1, 2, 23, 19, 1),
(37524, 1, 3, 27, 9, 3),
(37525, 1, 4, 40, 40, 0),
(37526, 1, 5, 22, 20, 1),
(37527, 1, 1, 27, 15, 3),
(37528, 1, 2, 23, 19, 1),
(37529, 1, 3, 27, 9, 3),
(37530, 1, 4, 40, 40, 0),
(37531, 1, 5, 22, 20, 1),
(37532, 1, 1, 27, 15, 3),
(37533, 1, 2, 23, 19, 1),
(37534, 1, 3, 27, 9, 3),
(37535, 1, 4, 40, 40, 0),
(37536, 1, 5, 22, 20, 1),
(37537, 1, 1, 27, 15, 3),
(37538, 1, 2, 23, 19, 1),
(37539, 1, 3, 27, 9, 3),
(37540, 1, 4, 40, 40, 0),
(37541, 1, 5, 22, 20, 1),
(37542, 1, 1, 27, 15, 3),
(37543, 1, 2, 23, 19, 1),
(37544, 1, 3, 27, 9, 3),
(37545, 1, 4, 40, 40, 0),
(37546, 1, 5, 22, 20, 1),
(37547, 1, 1, 27, 15, 3),
(37548, 1, 2, 23, 19, 1),
(37549, 1, 3, 27, 9, 3),
(37550, 1, 4, 40, 40, 0),
(37551, 1, 5, 22, 20, 1),
(37552, 1, 1, 27, 15, 3),
(37553, 1, 2, 23, 19, 1),
(37554, 1, 3, 27, 9, 3),
(37555, 1, 4, 40, 40, 0),
(37556, 1, 5, 22, 20, 1),
(37557, 1, 1, 27, 15, 3),
(37558, 1, 2, 23, 19, 1),
(37559, 1, 3, 27, 9, 3),
(37560, 1, 4, 40, 40, 0),
(37561, 1, 5, 22, 20, 1),
(37562, 1, 1, 27, 15, 3),
(37563, 1, 2, 23, 19, 1),
(37564, 1, 3, 27, 9, 3),
(37565, 1, 4, 40, 40, 0),
(37566, 1, 5, 22, 20, 1),
(37567, 1, 1, 27, 15, 3),
(37568, 1, 2, 23, 19, 1),
(37569, 1, 3, 27, 9, 3),
(37570, 1, 4, 40, 40, 0),
(37571, 1, 5, 22, 20, 1),
(37572, 1, 1, 27, 15, 3),
(37573, 1, 2, 23, 19, 1),
(37574, 1, 3, 27, 9, 3),
(37575, 1, 4, 40, 40, 0),
(37576, 1, 5, 22, 20, 1),
(37577, 1, 1, 27, 15, 3),
(37578, 1, 2, 23, 19, 1),
(37579, 1, 3, 27, 9, 3),
(37580, 1, 4, 40, 40, 0),
(37581, 1, 5, 22, 20, 1),
(37582, 1, 1, 27, 15, 3),
(37583, 1, 2, 23, 19, 1),
(37584, 1, 3, 27, 9, 3),
(37585, 1, 4, 40, 40, 0),
(37586, 1, 5, 22, 20, 1),
(37587, 1, 1, 27, 15, 3),
(37588, 1, 2, 23, 19, 1),
(37589, 1, 3, 27, 9, 3),
(37590, 1, 4, 40, 40, 0),
(37591, 1, 5, 22, 20, 1),
(37592, 1, 1, 27, 15, 3),
(37593, 1, 2, 23, 19, 1),
(37594, 1, 3, 27, 9, 3),
(37595, 1, 4, 40, 40, 0),
(37596, 1, 5, 22, 20, 1),
(37597, 1, 1, 27, 15, 3),
(37598, 1, 2, 23, 19, 1),
(37599, 1, 3, 27, 9, 3),
(37600, 1, 4, 40, 40, 0),
(37601, 1, 5, 22, 20, 1),
(37602, 1, 1, 27, 15, 3),
(37603, 1, 2, 23, 19, 1),
(37604, 1, 3, 27, 9, 3),
(37605, 1, 4, 40, 40, 0),
(37606, 1, 5, 22, 20, 1),
(37607, 1, 1, 27, 15, 3),
(37608, 1, 2, 23, 19, 1),
(37609, 1, 3, 27, 9, 3),
(37610, 1, 4, 40, 40, 0),
(37611, 1, 5, 22, 20, 1),
(37612, 1, 1, 27, 15, 3),
(37613, 1, 2, 23, 19, 1),
(37614, 1, 3, 27, 9, 3),
(37615, 1, 4, 40, 40, 0),
(37616, 1, 5, 22, 20, 1),
(37617, 1, 1, 27, 15, 3),
(37618, 1, 2, 23, 19, 1),
(37619, 1, 3, 27, 9, 3),
(37620, 1, 4, 40, 40, 0),
(37621, 1, 5, 22, 20, 1),
(37622, 1, 1, 27, 15, 3),
(37623, 1, 2, 23, 19, 1),
(37624, 1, 3, 27, 9, 3),
(37625, 1, 4, 40, 40, 0),
(37626, 1, 5, 22, 20, 1),
(37627, 1, 1, 27, 15, 3),
(37628, 1, 2, 23, 19, 1),
(37629, 1, 3, 27, 9, 3),
(37630, 1, 4, 40, 40, 0),
(37631, 1, 5, 22, 20, 1),
(37632, 1, 1, 27, 15, 3),
(37633, 1, 2, 23, 19, 1),
(37634, 1, 3, 27, 9, 3),
(37635, 1, 4, 40, 40, 0),
(37636, 1, 5, 22, 20, 1),
(37637, 1, 1, 27, 15, 3),
(37638, 1, 2, 23, 19, 1),
(37639, 1, 3, 27, 9, 3),
(37640, 1, 4, 40, 40, 0),
(37641, 1, 5, 22, 20, 1),
(37642, 1, 1, 27, 15, 3),
(37643, 1, 2, 23, 19, 1),
(37644, 1, 3, 27, 9, 3),
(37645, 1, 4, 40, 40, 0),
(37646, 1, 5, 22, 20, 1),
(37647, 1, 1, 27, 15, 3),
(37648, 1, 2, 23, 19, 1),
(37649, 1, 3, 27, 9, 3),
(37650, 1, 4, 40, 40, 0),
(37651, 1, 5, 22, 20, 1),
(37652, 1, 1, 27, 15, 3),
(37653, 1, 2, 23, 19, 1),
(37654, 1, 3, 27, 9, 3),
(37655, 1, 4, 40, 40, 0),
(37656, 1, 5, 22, 20, 1),
(37657, 1, 1, 27, 15, 3),
(37658, 1, 2, 23, 19, 1),
(37659, 1, 3, 27, 9, 3),
(37660, 1, 4, 40, 40, 0),
(37661, 1, 5, 22, 20, 1),
(37662, 1, 1, 27, 15, 3),
(37663, 1, 2, 23, 19, 1),
(37664, 1, 3, 27, 9, 3),
(37665, 1, 4, 40, 40, 0),
(37666, 1, 5, 22, 20, 1),
(37667, 1, 1, 27, 15, 3),
(37668, 1, 2, 23, 19, 1),
(37669, 1, 3, 27, 9, 3),
(37670, 1, 4, 40, 40, 0),
(37671, 1, 5, 22, 20, 1),
(37672, 1, 1, 27, 15, 3),
(37673, 1, 2, 23, 19, 1),
(37674, 1, 3, 27, 9, 3),
(37675, 1, 4, 40, 40, 0),
(37676, 1, 5, 22, 20, 1),
(37677, 1, 1, 27, 15, 3),
(37678, 1, 2, 23, 19, 1),
(37679, 1, 3, 27, 9, 3),
(37680, 1, 4, 40, 40, 0),
(37681, 1, 5, 22, 20, 1),
(37682, 1, 1, 27, 15, 3),
(37683, 1, 2, 23, 19, 1),
(37684, 1, 3, 27, 9, 3),
(37685, 1, 4, 40, 40, 0),
(37686, 1, 5, 22, 20, 1),
(37687, 1, 1, 27, 15, 3),
(37688, 1, 2, 23, 19, 1),
(37689, 1, 3, 27, 9, 3),
(37690, 1, 4, 40, 40, 0),
(37691, 1, 5, 22, 20, 1),
(37692, 1, 1, 27, 15, 3),
(37693, 1, 2, 23, 19, 1),
(37694, 1, 3, 27, 9, 3),
(37695, 1, 4, 40, 40, 0),
(37696, 1, 5, 22, 20, 1),
(37697, 1, 1, 27, 15, 3),
(37698, 1, 2, 23, 19, 1),
(37699, 1, 3, 27, 9, 3),
(37700, 1, 4, 40, 40, 0),
(37701, 1, 5, 22, 20, 1),
(37702, 1, 1, 27, 15, 3),
(37703, 1, 2, 23, 19, 1),
(37704, 1, 3, 27, 9, 3),
(37705, 1, 4, 40, 40, 0),
(37706, 1, 5, 22, 20, 1),
(37707, 1, 1, 27, 15, 3),
(37708, 1, 2, 23, 19, 1),
(37709, 1, 3, 27, 9, 3),
(37710, 1, 4, 40, 40, 0),
(37711, 1, 5, 22, 20, 1),
(37712, 1, 1, 27, 15, 3),
(37713, 1, 2, 23, 19, 1),
(37714, 1, 3, 27, 9, 3),
(37715, 1, 4, 40, 40, 0),
(37716, 1, 5, 22, 20, 1),
(37717, 1, 1, 27, 15, 3),
(37718, 1, 2, 23, 19, 1),
(37719, 1, 3, 27, 9, 3),
(37720, 1, 4, 40, 40, 0),
(37721, 1, 5, 22, 20, 1),
(37722, 1, 1, 27, 15, 3),
(37723, 1, 2, 23, 19, 1),
(37724, 1, 3, 27, 9, 3),
(37725, 1, 4, 40, 40, 0),
(37726, 1, 5, 22, 20, 1),
(37727, 1, 1, 27, 15, 3),
(37728, 1, 2, 23, 19, 1),
(37729, 1, 3, 27, 9, 3),
(37730, 1, 4, 40, 40, 0),
(37731, 1, 5, 22, 20, 1),
(37732, 1, 1, 27, 15, 3),
(37733, 1, 2, 23, 19, 1),
(37734, 1, 3, 27, 9, 3),
(37735, 1, 4, 40, 40, 0),
(37736, 1, 5, 22, 20, 1),
(37737, 1, 1, 27, 15, 3),
(37738, 1, 2, 23, 19, 1),
(37739, 1, 3, 27, 9, 3),
(37740, 1, 4, 40, 40, 0),
(37741, 1, 5, 22, 20, 1),
(37742, 1, 1, 27, 15, 3),
(37743, 1, 2, 23, 19, 1),
(37744, 1, 3, 27, 9, 3),
(37745, 1, 4, 40, 40, 0),
(37746, 1, 5, 22, 20, 1),
(37747, 1, 1, 27, 15, 3),
(37748, 1, 2, 23, 19, 1),
(37749, 1, 3, 27, 9, 3),
(37750, 1, 4, 40, 40, 0),
(37751, 1, 5, 22, 20, 1),
(37752, 1, 1, 27, 15, 3),
(37753, 1, 2, 23, 19, 1),
(37754, 1, 3, 27, 9, 3),
(37755, 1, 4, 40, 40, 0),
(37756, 1, 5, 22, 20, 1),
(37757, 1, 1, 27, 15, 3),
(37758, 1, 2, 23, 19, 1),
(37759, 1, 3, 27, 9, 3),
(37760, 1, 4, 40, 40, 0),
(37761, 1, 5, 22, 20, 1),
(37762, 1, 1, 27, 15, 3),
(37763, 1, 2, 23, 19, 1),
(37764, 1, 3, 27, 9, 3),
(37765, 1, 4, 40, 40, 0),
(37766, 1, 5, 22, 20, 1),
(37767, 1, 1, 27, 15, 3),
(37768, 1, 2, 23, 19, 1),
(37769, 1, 3, 27, 9, 3),
(37770, 1, 4, 40, 40, 0),
(37771, 1, 5, 22, 20, 1),
(37772, 1, 1, 27, 15, 3),
(37773, 1, 2, 23, 19, 1),
(37774, 1, 3, 27, 9, 3),
(37775, 1, 4, 40, 40, 0),
(37776, 1, 5, 22, 20, 1),
(37777, 1, 1, 27, 15, 3),
(37778, 1, 2, 23, 19, 1),
(37779, 1, 3, 27, 9, 3),
(37780, 1, 4, 40, 40, 0),
(37781, 1, 5, 22, 20, 1),
(37782, 1, 1, 27, 15, 3),
(37783, 1, 2, 23, 19, 1),
(37784, 1, 3, 27, 9, 3),
(37785, 1, 4, 40, 40, 0),
(37786, 1, 5, 22, 20, 1),
(37787, 1, 1, 27, 15, 3),
(37788, 1, 2, 23, 19, 1),
(37789, 1, 3, 27, 9, 3),
(37790, 1, 4, 40, 40, 0),
(37791, 1, 5, 22, 20, 1),
(37792, 1, 1, 27, 15, 3),
(37793, 1, 2, 23, 19, 1),
(37794, 1, 3, 27, 9, 3),
(37795, 1, 4, 40, 40, 0),
(37796, 1, 5, 22, 20, 1),
(37797, 1, 1, 27, 15, 3),
(37798, 1, 2, 23, 19, 1),
(37799, 1, 3, 27, 9, 3),
(37800, 1, 4, 40, 40, 0),
(37801, 1, 5, 22, 20, 1),
(37802, 1, 1, 27, 15, 3),
(37803, 1, 2, 23, 19, 1),
(37804, 1, 3, 27, 9, 3),
(37805, 1, 4, 40, 40, 0),
(37806, 1, 5, 22, 20, 1),
(37807, 1, 1, 27, 15, 3),
(37808, 1, 2, 23, 19, 1),
(37809, 1, 3, 27, 9, 3),
(37810, 1, 4, 40, 40, 0),
(37811, 1, 5, 22, 20, 1),
(37812, 1, 1, 27, 15, 3),
(37813, 1, 2, 23, 19, 1),
(37814, 1, 3, 27, 9, 3),
(37815, 1, 4, 40, 40, 0),
(37816, 1, 5, 22, 20, 1),
(37817, 1, 1, 27, 15, 3),
(37818, 1, 2, 23, 19, 1),
(37819, 1, 3, 27, 9, 3),
(37820, 1, 4, 40, 40, 0),
(37821, 1, 5, 22, 20, 1),
(37822, 1, 1, 27, 15, 3),
(37823, 1, 2, 23, 19, 1),
(37824, 1, 3, 27, 9, 3),
(37825, 1, 4, 40, 40, 0),
(37826, 1, 5, 22, 20, 1),
(37827, 1, 1, 27, 15, 3),
(37828, 1, 2, 23, 19, 1),
(37829, 1, 3, 27, 9, 3),
(37830, 1, 4, 40, 40, 0),
(37831, 1, 5, 22, 20, 1),
(37832, 1, 1, 27, 15, 3),
(37833, 1, 2, 23, 19, 1),
(37834, 1, 3, 27, 9, 3),
(37835, 1, 4, 40, 40, 0),
(37836, 1, 5, 22, 20, 1),
(37837, 1, 1, 27, 15, 3),
(37838, 1, 2, 23, 19, 1),
(37839, 1, 3, 27, 9, 3),
(37840, 1, 4, 40, 40, 0),
(37841, 1, 5, 22, 20, 1),
(37842, 1, 1, 27, 15, 3),
(37843, 1, 2, 23, 19, 1),
(37844, 1, 3, 27, 9, 3),
(37845, 1, 4, 40, 40, 0),
(37846, 1, 5, 22, 20, 1),
(37847, 1, 1, 27, 15, 3),
(37848, 1, 2, 23, 19, 1),
(37849, 1, 3, 27, 9, 3),
(37850, 1, 4, 40, 40, 0),
(37851, 1, 5, 22, 20, 1),
(37852, 1, 1, 27, 15, 3),
(37853, 1, 2, 23, 19, 1),
(37854, 1, 3, 27, 9, 3),
(37855, 1, 4, 40, 40, 0),
(37856, 1, 5, 22, 20, 1),
(37857, 1, 1, 27, 15, 3),
(37858, 1, 2, 23, 19, 1),
(37859, 1, 3, 27, 9, 3),
(37860, 1, 4, 40, 40, 0),
(37861, 1, 5, 22, 20, 1),
(37862, 1, 1, 27, 15, 3),
(37863, 1, 2, 23, 19, 1),
(37864, 1, 3, 27, 9, 3),
(37865, 1, 4, 40, 40, 0),
(37866, 1, 5, 22, 20, 1),
(37867, 1, 1, 27, 15, 3),
(37868, 1, 2, 23, 19, 1),
(37869, 1, 3, 27, 9, 3),
(37870, 1, 4, 40, 40, 0),
(37871, 1, 5, 22, 20, 1),
(37872, 1, 1, 27, 15, 3),
(37873, 1, 2, 23, 19, 1),
(37874, 1, 3, 27, 9, 3),
(37875, 1, 4, 40, 40, 0),
(37876, 1, 5, 22, 20, 1),
(37877, 1, 1, 27, 15, 3),
(37878, 1, 2, 23, 19, 1),
(37879, 1, 3, 27, 9, 3),
(37880, 1, 4, 40, 40, 0),
(37881, 1, 5, 22, 20, 1),
(37882, 1, 1, 27, 15, 3),
(37883, 1, 2, 23, 19, 1),
(37884, 1, 3, 27, 9, 3),
(37885, 1, 4, 40, 40, 0),
(37886, 1, 5, 22, 20, 1),
(37887, 1, 1, 27, 15, 3),
(37888, 1, 2, 23, 19, 1),
(37889, 1, 3, 27, 9, 3),
(37890, 1, 4, 40, 40, 0),
(37891, 1, 5, 22, 20, 1),
(37892, 1, 1, 27, 15, 3),
(37893, 1, 2, 23, 19, 1),
(37894, 1, 3, 27, 9, 3),
(37895, 1, 4, 40, 40, 0),
(37896, 1, 5, 22, 20, 1),
(37897, 1, 1, 27, 15, 3),
(37898, 1, 2, 23, 19, 1),
(37899, 1, 3, 27, 9, 3),
(37900, 1, 4, 40, 40, 0),
(37901, 1, 5, 22, 20, 1),
(37902, 1, 1, 27, 15, 3),
(37903, 1, 2, 23, 19, 1),
(37904, 1, 3, 27, 9, 3),
(37905, 1, 4, 40, 40, 0),
(37906, 1, 5, 22, 20, 1),
(37907, 1, 1, 27, 15, 3),
(37908, 1, 2, 23, 19, 1),
(37909, 1, 3, 27, 9, 3),
(37910, 1, 4, 40, 40, 0),
(37911, 1, 5, 22, 20, 1),
(37912, 1, 1, 27, 15, 3),
(37913, 1, 2, 23, 19, 1),
(37914, 1, 3, 27, 9, 3),
(37915, 1, 4, 40, 40, 0),
(37916, 1, 5, 22, 20, 1),
(37917, 1, 1, 27, 15, 3),
(37918, 1, 2, 23, 19, 1),
(37919, 1, 3, 27, 9, 3),
(37920, 1, 4, 40, 40, 0),
(37921, 1, 5, 22, 20, 1),
(37922, 1, 1, 27, 15, 3),
(37923, 1, 2, 23, 19, 1),
(37924, 1, 3, 27, 9, 3),
(37925, 1, 4, 40, 40, 0),
(37926, 1, 5, 22, 20, 1),
(37927, 1, 1, 27, 15, 3),
(37928, 1, 2, 23, 19, 1),
(37929, 1, 3, 27, 9, 3),
(37930, 1, 4, 40, 40, 0),
(37931, 1, 5, 22, 20, 1),
(37932, 1, 1, 27, 15, 3),
(37933, 1, 2, 23, 19, 1),
(37934, 1, 3, 27, 9, 3),
(37935, 1, 4, 40, 40, 0),
(37936, 1, 5, 22, 20, 1),
(37937, 1, 1, 27, 15, 3),
(37938, 1, 2, 23, 19, 1),
(37939, 1, 3, 27, 9, 3),
(37940, 1, 4, 40, 40, 0),
(37941, 1, 5, 22, 20, 1),
(37942, 1, 1, 27, 15, 3),
(37943, 1, 2, 23, 19, 1),
(37944, 1, 3, 27, 9, 3),
(37945, 1, 4, 40, 40, 0),
(37946, 1, 5, 22, 20, 1),
(37947, 1, 1, 27, 15, 3),
(37948, 1, 2, 23, 19, 1),
(37949, 1, 3, 27, 9, 3),
(37950, 1, 4, 40, 40, 0),
(37951, 1, 5, 22, 20, 1),
(37952, 1, 1, 27, 15, 3),
(37953, 1, 2, 23, 19, 1),
(37954, 1, 3, 27, 9, 3),
(37955, 1, 4, 40, 40, 0),
(37956, 1, 5, 22, 20, 1),
(37957, 1, 1, 27, 15, 3),
(37958, 1, 2, 23, 19, 1),
(37959, 1, 3, 27, 9, 3),
(37960, 1, 4, 40, 40, 0),
(37961, 1, 5, 22, 20, 1),
(37962, 1, 1, 27, 15, 3),
(37963, 1, 2, 23, 19, 1),
(37964, 1, 3, 27, 9, 3),
(37965, 1, 4, 40, 40, 0),
(37966, 1, 5, 22, 20, 1),
(37967, 1, 1, 27, 15, 3),
(37968, 1, 2, 23, 19, 1),
(37969, 1, 3, 27, 9, 3),
(37970, 1, 4, 40, 40, 0),
(37971, 1, 5, 22, 20, 1),
(37972, 1, 1, 27, 15, 3),
(37973, 1, 2, 23, 19, 1),
(37974, 1, 3, 27, 9, 3),
(37975, 1, 4, 40, 40, 0),
(37976, 1, 5, 22, 20, 1),
(37977, 1, 1, 27, 15, 3),
(37978, 1, 2, 23, 19, 1),
(37979, 1, 3, 27, 9, 3),
(37980, 1, 4, 40, 40, 0),
(37981, 1, 5, 22, 20, 1),
(37982, 1, 1, 27, 15, 3),
(37983, 1, 2, 23, 19, 1),
(37984, 1, 3, 27, 9, 3),
(37985, 1, 4, 40, 40, 0),
(37986, 1, 5, 22, 20, 1),
(37987, 1, 1, 27, 15, 3),
(37988, 1, 2, 23, 19, 1),
(37989, 1, 3, 27, 9, 3),
(37990, 1, 4, 40, 40, 0),
(37991, 1, 5, 22, 20, 1),
(37992, 1, 1, 27, 15, 3),
(37993, 1, 2, 23, 19, 1),
(37994, 1, 3, 27, 9, 3),
(37995, 1, 4, 40, 40, 0),
(37996, 1, 5, 22, 20, 1),
(37997, 1, 1, 27, 15, 3),
(37998, 1, 2, 23, 19, 1),
(37999, 1, 3, 27, 9, 3),
(38000, 1, 4, 40, 40, 0),
(38001, 1, 5, 22, 20, 1),
(38002, 1, 1, 27, 15, 3),
(38003, 1, 2, 23, 19, 1),
(38004, 1, 3, 27, 9, 3),
(38005, 1, 4, 40, 40, 0),
(38006, 1, 5, 22, 20, 1),
(38007, 1, 1, 27, 15, 3),
(38008, 1, 2, 23, 19, 1),
(38009, 1, 3, 27, 9, 3),
(38010, 1, 4, 40, 40, 0),
(38011, 1, 5, 22, 20, 1),
(38012, 1, 1, 27, 15, 3),
(38013, 1, 2, 23, 19, 1),
(38014, 1, 3, 27, 9, 3),
(38015, 1, 4, 40, 40, 0),
(38016, 1, 5, 22, 20, 1),
(38017, 1, 1, 27, 15, 3),
(38018, 1, 2, 23, 19, 1),
(38019, 1, 3, 27, 9, 3),
(38020, 1, 4, 40, 40, 0),
(38021, 1, 5, 22, 20, 1),
(38022, 1, 1, 27, 15, 3),
(38023, 1, 2, 23, 19, 1),
(38024, 1, 3, 27, 9, 3),
(38025, 1, 4, 40, 40, 0),
(38026, 1, 5, 22, 20, 1),
(38027, 1, 1, 27, 15, 3),
(38028, 1, 2, 23, 19, 1),
(38029, 1, 3, 27, 9, 3),
(38030, 1, 4, 40, 40, 0),
(38031, 1, 5, 22, 20, 1),
(38032, 1, 1, 27, 15, 3),
(38033, 1, 2, 23, 19, 1),
(38034, 1, 3, 27, 9, 3),
(38035, 1, 4, 40, 40, 0),
(38036, 1, 5, 22, 20, 1),
(38037, 1, 1, 27, 15, 3),
(38038, 1, 2, 23, 19, 1),
(38039, 1, 3, 27, 9, 3),
(38040, 1, 4, 40, 40, 0),
(38041, 1, 5, 22, 20, 1),
(38042, 1, 1, 27, 15, 3),
(38043, 1, 2, 23, 19, 1),
(38044, 1, 3, 27, 9, 3),
(38045, 1, 4, 40, 40, 0),
(38046, 1, 5, 22, 20, 1),
(38047, 1, 1, 27, 15, 3),
(38048, 1, 2, 23, 19, 1),
(38049, 1, 3, 27, 9, 3),
(38050, 1, 4, 40, 40, 0),
(38051, 1, 5, 22, 20, 1),
(38052, 1, 1, 27, 15, 3),
(38053, 1, 2, 23, 19, 1),
(38054, 1, 3, 27, 9, 3),
(38055, 1, 4, 40, 40, 0),
(38056, 1, 5, 22, 20, 1),
(38057, 1, 1, 27, 15, 3),
(38058, 1, 2, 23, 19, 1),
(38059, 1, 3, 27, 9, 3),
(38060, 1, 4, 40, 40, 0),
(38061, 1, 5, 22, 20, 1),
(38062, 1, 1, 27, 15, 3),
(38063, 1, 2, 23, 19, 1),
(38064, 1, 3, 27, 9, 3),
(38065, 1, 4, 40, 40, 0),
(38066, 1, 5, 22, 20, 1),
(38067, 1, 1, 27, 15, 3),
(38068, 1, 2, 23, 19, 1),
(38069, 1, 3, 27, 9, 3),
(38070, 1, 4, 40, 40, 0),
(38071, 1, 5, 22, 20, 1),
(38072, 1, 1, 27, 15, 3),
(38073, 1, 2, 23, 19, 1),
(38074, 1, 3, 27, 9, 3),
(38075, 1, 4, 40, 40, 0),
(38076, 1, 5, 22, 20, 1),
(38077, 1, 1, 27, 15, 3),
(38078, 1, 2, 23, 19, 1),
(38079, 1, 3, 27, 9, 3),
(38080, 1, 4, 40, 40, 0),
(38081, 1, 5, 22, 20, 1),
(38082, 1, 1, 27, 15, 3),
(38083, 1, 2, 23, 19, 1),
(38084, 1, 3, 27, 9, 3),
(38085, 1, 4, 40, 40, 0),
(38086, 1, 5, 22, 20, 1),
(38087, 1, 1, 27, 15, 3),
(38088, 1, 2, 23, 19, 1),
(38089, 1, 3, 27, 9, 3),
(38090, 1, 4, 40, 40, 0),
(38091, 1, 5, 22, 20, 1),
(38092, 1, 1, 27, 15, 3),
(38093, 1, 2, 23, 19, 1),
(38094, 1, 3, 27, 9, 3),
(38095, 1, 4, 40, 40, 0),
(38096, 1, 5, 22, 20, 1),
(38097, 1, 1, 27, 15, 3),
(38098, 1, 2, 23, 19, 1),
(38099, 1, 3, 27, 9, 3),
(38100, 1, 4, 40, 40, 0),
(38101, 1, 5, 22, 20, 1),
(38102, 1, 1, 27, 15, 3),
(38103, 1, 2, 23, 19, 1),
(38104, 1, 3, 27, 9, 3),
(38105, 1, 4, 40, 40, 0),
(38106, 1, 5, 22, 20, 1),
(38107, 1, 1, 27, 15, 3),
(38108, 1, 2, 23, 19, 1),
(38109, 1, 3, 27, 9, 3),
(38110, 1, 4, 40, 40, 0),
(38111, 1, 5, 22, 20, 1),
(38112, 1, 1, 27, 15, 3),
(38113, 1, 2, 23, 19, 1),
(38114, 1, 3, 27, 9, 3),
(38115, 1, 4, 40, 40, 0),
(38116, 1, 5, 22, 20, 1),
(38117, 1, 1, 27, 15, 3),
(38118, 1, 2, 23, 19, 1),
(38119, 1, 3, 27, 9, 3),
(38120, 1, 4, 40, 40, 0),
(38121, 1, 5, 22, 20, 1),
(38122, 1, 1, 27, 15, 3),
(38123, 1, 2, 23, 19, 1),
(38124, 1, 3, 27, 9, 3),
(38125, 1, 4, 40, 40, 0),
(38126, 1, 5, 22, 20, 1),
(38127, 1, 1, 27, 15, 3),
(38128, 1, 2, 23, 19, 1),
(38129, 1, 3, 27, 9, 3),
(38130, 1, 4, 40, 40, 0),
(38131, 1, 5, 22, 20, 1),
(38132, 1, 1, 27, 15, 3),
(38133, 1, 2, 23, 19, 1),
(38134, 1, 3, 27, 9, 3),
(38135, 1, 4, 40, 40, 0),
(38136, 1, 5, 22, 20, 1),
(38137, 1, 1, 27, 15, 3),
(38138, 1, 2, 23, 19, 1),
(38139, 1, 3, 27, 9, 3),
(38140, 1, 4, 40, 40, 0),
(38141, 1, 5, 22, 20, 1),
(38142, 1, 1, 27, 15, 3),
(38143, 1, 2, 23, 19, 1),
(38144, 1, 3, 27, 9, 3),
(38145, 1, 4, 40, 40, 0),
(38146, 1, 5, 22, 20, 1),
(38147, 1, 1, 27, 15, 3),
(38148, 1, 2, 23, 19, 1),
(38149, 1, 3, 27, 9, 3),
(38150, 1, 4, 40, 40, 0),
(38151, 1, 5, 22, 20, 1),
(38152, 1, 1, 27, 15, 3),
(38153, 1, 2, 23, 19, 1),
(38154, 1, 3, 27, 9, 3),
(38155, 1, 4, 40, 40, 0),
(38156, 1, 5, 22, 20, 1),
(38157, 1, 1, 27, 15, 3),
(38158, 1, 2, 23, 19, 1),
(38159, 1, 3, 27, 9, 3),
(38160, 1, 4, 40, 40, 0),
(38161, 1, 5, 22, 20, 1),
(38162, 1, 1, 27, 15, 3),
(38163, 1, 2, 23, 19, 1),
(38164, 1, 3, 27, 9, 3),
(38165, 1, 4, 40, 40, 0),
(38166, 1, 5, 22, 20, 1),
(38167, 1, 1, 27, 15, 3),
(38168, 1, 2, 23, 19, 1),
(38169, 1, 3, 27, 9, 3),
(38170, 1, 4, 40, 40, 0),
(38171, 1, 5, 22, 20, 1),
(38172, 1, 1, 27, 15, 3),
(38173, 1, 2, 23, 19, 1),
(38174, 1, 3, 27, 9, 3),
(38175, 1, 4, 40, 40, 0),
(38176, 1, 5, 22, 20, 1),
(38177, 1, 1, 27, 15, 3),
(38178, 1, 2, 23, 19, 1),
(38179, 1, 3, 27, 9, 3),
(38180, 1, 4, 40, 40, 0),
(38181, 1, 5, 22, 20, 1),
(38182, 1, 1, 27, 15, 3),
(38183, 1, 2, 23, 19, 1),
(38184, 1, 3, 27, 9, 3),
(38185, 1, 4, 40, 40, 0),
(38186, 1, 5, 22, 20, 1),
(38187, 1, 1, 27, 15, 3),
(38188, 1, 2, 23, 19, 1),
(38189, 1, 3, 27, 9, 3),
(38190, 1, 4, 40, 40, 0),
(38191, 1, 5, 22, 20, 1),
(38192, 1, 1, 27, 15, 3),
(38193, 1, 2, 23, 19, 1),
(38194, 1, 3, 27, 9, 3),
(38195, 1, 4, 40, 40, 0),
(38196, 1, 5, 22, 20, 1),
(38197, 1, 1, 27, 15, 3),
(38198, 1, 2, 23, 19, 1),
(38199, 1, 3, 27, 9, 3),
(38200, 1, 4, 40, 40, 0),
(38201, 1, 5, 22, 20, 1),
(38202, 1, 1, 27, 15, 3),
(38203, 1, 2, 23, 19, 1),
(38204, 1, 3, 27, 9, 3),
(38205, 1, 4, 40, 40, 0),
(38206, 1, 5, 22, 20, 1),
(38207, 1, 1, 27, 15, 3),
(38208, 1, 2, 23, 19, 1),
(38209, 1, 3, 27, 9, 3),
(38210, 1, 4, 40, 40, 0),
(38211, 1, 5, 22, 20, 1),
(38212, 1, 1, 27, 15, 3),
(38213, 1, 2, 23, 19, 1),
(38214, 1, 3, 27, 9, 3),
(38215, 1, 4, 40, 40, 0),
(38216, 1, 5, 22, 20, 1),
(38217, 1, 1, 27, 15, 3),
(38218, 1, 2, 23, 19, 1),
(38219, 1, 3, 27, 9, 3),
(38220, 1, 4, 40, 40, 0),
(38221, 1, 5, 22, 20, 1),
(38222, 1, 1, 27, 15, 3),
(38223, 1, 2, 23, 19, 1),
(38224, 1, 3, 27, 9, 3),
(38225, 1, 4, 40, 40, 0),
(38226, 1, 5, 22, 20, 1),
(38227, 1, 1, 27, 15, 3),
(38228, 1, 2, 23, 19, 1),
(38229, 1, 3, 27, 9, 3),
(38230, 1, 4, 40, 40, 0),
(38231, 1, 5, 22, 20, 1),
(38232, 1, 1, 27, 15, 3),
(38233, 1, 2, 23, 19, 1),
(38234, 1, 3, 27, 9, 3),
(38235, 1, 4, 40, 40, 0),
(38236, 1, 5, 22, 20, 1),
(38237, 1, 1, 27, 15, 3),
(38238, 1, 2, 23, 19, 1),
(38239, 1, 3, 27, 9, 3),
(38240, 1, 4, 40, 40, 0),
(38241, 1, 5, 22, 20, 1),
(38242, 1, 1, 27, 15, 3),
(38243, 1, 2, 23, 19, 1),
(38244, 1, 3, 27, 9, 3),
(38245, 1, 4, 40, 40, 0),
(38246, 1, 5, 22, 20, 1),
(38247, 1, 1, 27, 15, 3),
(38248, 1, 2, 23, 19, 1),
(38249, 1, 3, 27, 9, 3),
(38250, 1, 4, 40, 40, 0),
(38251, 1, 5, 22, 20, 1),
(38252, 1, 1, 27, 15, 3),
(38253, 1, 2, 23, 19, 1),
(38254, 1, 3, 27, 9, 3),
(38255, 1, 4, 40, 40, 0),
(38256, 1, 5, 22, 20, 1),
(38257, 1, 1, 27, 15, 3),
(38258, 1, 2, 23, 19, 1),
(38259, 1, 3, 27, 9, 3),
(38260, 1, 4, 40, 40, 0),
(38261, 1, 5, 22, 20, 1),
(38262, 1, 1, 27, 15, 3),
(38263, 1, 2, 23, 19, 1),
(38264, 1, 3, 27, 9, 3),
(38265, 1, 4, 40, 40, 0),
(38266, 1, 5, 22, 20, 1),
(38267, 1, 1, 27, 15, 3),
(38268, 1, 2, 23, 19, 1),
(38269, 1, 3, 27, 9, 3),
(38270, 1, 4, 40, 40, 0),
(38271, 1, 5, 22, 20, 1),
(38272, 1, 1, 27, 15, 3),
(38273, 1, 2, 23, 19, 1),
(38274, 1, 3, 27, 9, 3),
(38275, 1, 4, 40, 40, 0),
(38276, 1, 5, 22, 20, 1),
(38277, 1, 1, 27, 15, 3),
(38278, 1, 2, 23, 19, 1),
(38279, 1, 3, 27, 9, 3),
(38280, 1, 4, 40, 40, 0),
(38281, 1, 5, 22, 20, 1),
(38282, 1, 1, 27, 15, 3),
(38283, 1, 2, 23, 19, 1),
(38284, 1, 3, 27, 9, 3),
(38285, 1, 4, 40, 40, 0),
(38286, 1, 5, 22, 20, 1),
(38287, 1, 1, 27, 15, 3),
(38288, 1, 2, 23, 19, 1),
(38289, 1, 3, 27, 9, 3),
(38290, 1, 4, 40, 40, 0),
(38291, 1, 5, 22, 20, 1),
(38292, 1, 1, 27, 15, 3),
(38293, 1, 2, 23, 19, 1),
(38294, 1, 3, 27, 9, 3),
(38295, 1, 4, 40, 40, 0),
(38296, 1, 5, 22, 20, 1),
(38297, 1, 1, 27, 15, 3),
(38298, 1, 2, 23, 19, 1),
(38299, 1, 3, 27, 9, 3),
(38300, 1, 4, 40, 40, 0),
(38301, 1, 5, 22, 20, 1),
(38302, 1, 1, 27, 15, 3),
(38303, 1, 2, 23, 19, 1),
(38304, 1, 3, 27, 9, 3),
(38305, 1, 4, 40, 40, 0),
(38306, 1, 5, 22, 20, 1),
(38307, 1, 1, 27, 15, 3),
(38308, 1, 2, 23, 19, 1),
(38309, 1, 3, 27, 9, 3),
(38310, 1, 4, 40, 40, 0),
(38311, 1, 5, 22, 20, 1),
(38312, 1, 1, 27, 15, 3),
(38313, 1, 2, 23, 19, 1),
(38314, 1, 3, 27, 9, 3),
(38315, 1, 4, 40, 40, 0),
(38316, 1, 5, 22, 20, 1),
(38317, 1, 1, 27, 15, 3),
(38318, 1, 2, 23, 19, 1),
(38319, 1, 3, 27, 9, 3),
(38320, 1, 4, 40, 40, 0),
(38321, 1, 5, 22, 20, 1),
(38322, 1, 1, 27, 15, 3),
(38323, 1, 2, 23, 19, 1),
(38324, 1, 3, 27, 9, 3),
(38325, 1, 4, 40, 40, 0),
(38326, 1, 5, 22, 20, 1),
(38327, 1, 1, 27, 15, 3),
(38328, 1, 2, 23, 19, 1),
(38329, 1, 3, 27, 9, 3),
(38330, 1, 4, 40, 40, 0),
(38331, 1, 5, 22, 20, 1),
(38332, 1, 1, 27, 15, 3),
(38333, 1, 2, 23, 19, 1),
(38334, 1, 3, 27, 9, 3),
(38335, 1, 4, 40, 40, 0),
(38336, 1, 5, 22, 20, 1),
(38337, 1, 1, 27, 15, 3),
(38338, 1, 2, 23, 19, 1),
(38339, 1, 3, 27, 9, 3),
(38340, 1, 4, 40, 40, 0),
(38341, 1, 5, 22, 20, 1),
(38342, 1, 1, 27, 15, 3),
(38343, 1, 2, 23, 19, 1),
(38344, 1, 3, 27, 9, 3),
(38345, 1, 4, 40, 40, 0),
(38346, 1, 5, 22, 20, 1),
(38347, 1, 1, 27, 15, 3),
(38348, 1, 2, 23, 19, 1),
(38349, 1, 3, 27, 9, 3),
(38350, 1, 4, 40, 40, 0),
(38351, 1, 5, 22, 20, 1),
(38352, 1, 1, 27, 15, 3),
(38353, 1, 2, 23, 19, 1),
(38354, 1, 3, 27, 9, 3),
(38355, 1, 4, 40, 40, 0),
(38356, 1, 5, 22, 20, 1),
(38357, 1, 1, 27, 15, 3),
(38358, 1, 2, 23, 19, 1),
(38359, 1, 3, 27, 9, 3),
(38360, 1, 4, 40, 40, 0),
(38361, 1, 5, 22, 20, 1),
(38362, 1, 1, 27, 15, 3),
(38363, 1, 2, 23, 19, 1),
(38364, 1, 3, 27, 9, 3),
(38365, 1, 4, 40, 40, 0),
(38366, 1, 5, 22, 20, 1),
(38367, 1, 1, 27, 15, 3),
(38368, 1, 2, 23, 19, 1),
(38369, 1, 3, 27, 9, 3),
(38370, 1, 4, 40, 40, 0),
(38371, 1, 5, 22, 20, 1),
(38372, 1, 1, 27, 15, 3),
(38373, 1, 2, 23, 19, 1),
(38374, 1, 3, 27, 9, 3),
(38375, 1, 4, 40, 40, 0),
(38376, 1, 5, 22, 20, 1),
(38377, 1, 1, 27, 15, 3),
(38378, 1, 2, 23, 19, 1),
(38379, 1, 3, 27, 9, 3),
(38380, 1, 4, 40, 40, 0),
(38381, 1, 5, 22, 20, 1),
(38382, 1, 1, 27, 15, 3),
(38383, 1, 2, 23, 19, 1),
(38384, 1, 3, 27, 9, 3),
(38385, 1, 4, 40, 40, 0),
(38386, 1, 5, 22, 20, 1),
(38387, 1, 1, 27, 15, 3),
(38388, 1, 2, 23, 19, 1),
(38389, 1, 3, 27, 9, 3),
(38390, 1, 4, 40, 40, 0),
(38391, 1, 5, 22, 20, 1),
(38392, 1, 1, 27, 15, 3),
(38393, 1, 2, 23, 19, 1),
(38394, 1, 3, 27, 9, 3),
(38395, 1, 4, 40, 40, 0),
(38396, 1, 5, 22, 20, 1),
(38397, 1, 1, 27, 15, 3),
(38398, 1, 2, 23, 19, 1),
(38399, 1, 3, 27, 9, 3),
(38400, 1, 4, 40, 40, 0),
(38401, 1, 5, 22, 20, 1),
(38402, 1, 1, 27, 15, 3),
(38403, 1, 2, 23, 19, 1),
(38404, 1, 3, 27, 9, 3),
(38405, 1, 4, 40, 40, 0),
(38406, 1, 5, 22, 20, 1),
(38407, 1, 1, 27, 15, 3),
(38408, 1, 2, 23, 19, 1),
(38409, 1, 3, 27, 9, 3),
(38410, 1, 4, 40, 40, 0),
(38411, 1, 5, 22, 20, 1),
(38412, 1, 1, 27, 15, 3),
(38413, 1, 2, 23, 19, 1),
(38414, 1, 3, 27, 9, 3),
(38415, 1, 4, 40, 40, 0),
(38416, 1, 5, 22, 20, 1),
(38417, 1, 1, 27, 15, 3),
(38418, 1, 2, 23, 19, 1),
(38419, 1, 3, 27, 9, 3),
(38420, 1, 4, 40, 40, 0),
(38421, 1, 5, 22, 20, 1),
(38422, 1, 1, 27, 15, 3),
(38423, 1, 2, 23, 19, 1),
(38424, 1, 3, 27, 9, 3),
(38425, 1, 4, 40, 40, 0),
(38426, 1, 5, 22, 20, 1),
(38427, 1, 1, 27, 15, 3),
(38428, 1, 2, 23, 19, 1),
(38429, 1, 3, 27, 9, 3),
(38430, 1, 4, 40, 40, 0),
(38431, 1, 5, 22, 20, 1),
(38432, 1, 1, 27, 15, 3),
(38433, 1, 2, 23, 19, 1),
(38434, 1, 3, 27, 9, 3),
(38435, 1, 4, 40, 40, 0),
(38436, 1, 5, 22, 20, 1),
(38437, 1, 1, 27, 15, 3),
(38438, 1, 2, 23, 19, 1),
(38439, 1, 3, 27, 9, 3),
(38440, 1, 4, 40, 40, 0),
(38441, 1, 5, 22, 20, 1),
(38442, 1, 1, 27, 15, 3),
(38443, 1, 2, 23, 19, 1),
(38444, 1, 3, 27, 9, 3),
(38445, 1, 4, 40, 40, 0),
(38446, 1, 5, 22, 20, 1),
(38447, 1, 1, 27, 15, 3),
(38448, 1, 2, 23, 19, 1),
(38449, 1, 3, 27, 9, 3),
(38450, 1, 4, 40, 40, 0),
(38451, 1, 5, 22, 20, 1),
(38452, 1, 1, 27, 15, 3),
(38453, 1, 2, 23, 19, 1),
(38454, 1, 3, 27, 9, 3),
(38455, 1, 4, 40, 40, 0),
(38456, 1, 5, 22, 20, 1),
(38457, 1, 1, 27, 15, 3),
(38458, 1, 2, 23, 19, 1),
(38459, 1, 3, 27, 9, 3),
(38460, 1, 4, 40, 40, 0),
(38461, 1, 5, 22, 20, 1),
(38462, 1, 1, 27, 15, 3),
(38463, 1, 2, 23, 19, 1),
(38464, 1, 3, 27, 9, 3),
(38465, 1, 4, 40, 40, 0),
(38466, 1, 5, 22, 20, 1),
(38467, 1, 1, 27, 15, 3),
(38468, 1, 2, 23, 19, 1),
(38469, 1, 3, 27, 9, 3),
(38470, 1, 4, 40, 40, 0),
(38471, 1, 5, 22, 20, 1),
(38472, 1, 1, 27, 15, 3),
(38473, 1, 2, 23, 19, 1),
(38474, 1, 3, 27, 9, 3),
(38475, 1, 4, 40, 40, 0),
(38476, 1, 5, 22, 20, 1),
(38477, 1, 1, 27, 15, 3),
(38478, 1, 2, 23, 19, 1),
(38479, 1, 3, 27, 9, 3),
(38480, 1, 4, 40, 40, 0),
(38481, 1, 5, 22, 20, 1),
(38482, 1, 1, 27, 15, 3),
(38483, 1, 2, 23, 19, 1),
(38484, 1, 3, 27, 9, 3),
(38485, 1, 4, 40, 40, 0),
(38486, 1, 5, 22, 20, 1),
(38487, 1, 1, 27, 15, 3),
(38488, 1, 2, 23, 19, 1),
(38489, 1, 3, 27, 9, 3),
(38490, 1, 4, 40, 40, 0),
(38491, 1, 5, 22, 20, 1),
(38492, 1, 1, 27, 15, 3),
(38493, 1, 2, 23, 19, 1),
(38494, 1, 3, 27, 9, 3),
(38495, 1, 4, 40, 40, 0),
(38496, 1, 5, 22, 20, 1),
(38497, 1, 1, 27, 15, 3),
(38498, 1, 2, 23, 19, 1),
(38499, 1, 3, 27, 9, 3),
(38500, 1, 4, 40, 40, 0),
(38501, 1, 5, 22, 20, 1),
(38502, 1, 1, 27, 15, 3),
(38503, 1, 2, 23, 19, 1),
(38504, 1, 3, 27, 9, 3),
(38505, 1, 4, 40, 40, 0),
(38506, 1, 5, 22, 20, 1),
(38507, 1, 1, 27, 15, 3),
(38508, 1, 2, 23, 19, 1),
(38509, 1, 3, 27, 9, 3),
(38510, 1, 4, 40, 40, 0),
(38511, 1, 5, 22, 20, 1),
(38512, 1, 1, 27, 15, 3),
(38513, 1, 2, 23, 19, 1),
(38514, 1, 3, 27, 9, 3),
(38515, 1, 4, 40, 40, 0),
(38516, 1, 5, 22, 20, 1),
(38517, 1, 1, 27, 15, 3),
(38518, 1, 2, 23, 19, 1),
(38519, 1, 3, 27, 9, 3),
(38520, 1, 4, 40, 40, 0),
(38521, 1, 5, 22, 20, 1),
(38522, 1, 1, 27, 15, 3),
(38523, 1, 2, 23, 19, 1),
(38524, 1, 3, 27, 9, 3),
(38525, 1, 4, 40, 40, 0),
(38526, 1, 5, 22, 20, 1),
(38527, 1, 1, 27, 15, 3),
(38528, 1, 2, 23, 19, 1),
(38529, 1, 3, 27, 9, 3),
(38530, 1, 4, 40, 40, 0),
(38531, 1, 5, 22, 20, 1),
(38532, 1, 1, 27, 15, 3),
(38533, 1, 2, 23, 19, 1),
(38534, 1, 3, 27, 9, 3),
(38535, 1, 4, 40, 40, 0),
(38536, 1, 5, 22, 20, 1),
(38537, 1, 1, 27, 15, 3),
(38538, 1, 2, 23, 19, 1),
(38539, 1, 3, 27, 9, 3),
(38540, 1, 4, 40, 40, 0),
(38541, 1, 5, 22, 20, 1),
(38542, 1, 1, 27, 15, 3),
(38543, 1, 2, 23, 19, 1),
(38544, 1, 3, 27, 9, 3),
(38545, 1, 4, 40, 40, 0),
(38546, 1, 5, 22, 20, 1),
(38547, 1, 1, 27, 15, 3),
(38548, 1, 2, 23, 19, 1),
(38549, 1, 3, 27, 9, 3),
(38550, 1, 4, 40, 40, 0),
(38551, 1, 5, 22, 20, 1),
(38552, 1, 1, 27, 15, 3),
(38553, 1, 2, 23, 19, 1),
(38554, 1, 3, 27, 9, 3),
(38555, 1, 4, 40, 40, 0),
(38556, 1, 5, 22, 20, 1),
(38557, 1, 1, 27, 15, 3),
(38558, 1, 2, 23, 19, 1),
(38559, 1, 3, 27, 9, 3),
(38560, 1, 4, 40, 40, 0),
(38561, 1, 5, 22, 20, 1),
(38562, 1, 1, 27, 15, 3),
(38563, 1, 2, 23, 19, 1),
(38564, 1, 3, 27, 9, 3),
(38565, 1, 4, 40, 40, 0),
(38566, 1, 5, 22, 20, 1),
(38567, 1, 1, 27, 15, 3),
(38568, 1, 2, 23, 19, 1),
(38569, 1, 3, 27, 9, 3),
(38570, 1, 4, 40, 40, 0),
(38571, 1, 5, 22, 20, 1),
(38572, 1, 1, 27, 15, 3),
(38573, 1, 2, 23, 19, 1),
(38574, 1, 3, 27, 9, 3),
(38575, 1, 4, 40, 40, 0),
(38576, 1, 5, 22, 20, 1),
(38577, 1, 1, 27, 15, 3),
(38578, 1, 2, 23, 19, 1),
(38579, 1, 3, 27, 9, 3),
(38580, 1, 4, 40, 40, 0),
(38581, 1, 5, 22, 20, 1),
(38582, 1, 1, 27, 15, 3),
(38583, 1, 2, 23, 19, 1),
(38584, 1, 3, 27, 9, 3),
(38585, 1, 4, 40, 40, 0),
(38586, 1, 5, 22, 20, 1),
(38587, 1, 1, 27, 15, 3),
(38588, 1, 2, 23, 19, 1),
(38589, 1, 3, 27, 9, 3),
(38590, 1, 4, 40, 40, 0),
(38591, 1, 5, 22, 20, 1),
(38592, 1, 1, 27, 15, 3),
(38593, 1, 2, 23, 19, 1),
(38594, 1, 3, 27, 9, 3),
(38595, 1, 4, 40, 40, 0),
(38596, 1, 5, 22, 20, 1),
(38597, 1, 1, 27, 15, 3),
(38598, 1, 2, 23, 19, 1),
(38599, 1, 3, 27, 9, 3),
(38600, 1, 4, 40, 40, 0),
(38601, 1, 5, 22, 20, 1),
(38602, 1, 1, 27, 15, 3),
(38603, 1, 2, 23, 19, 1),
(38604, 1, 3, 27, 9, 3),
(38605, 1, 4, 40, 40, 0),
(38606, 1, 5, 22, 20, 1),
(38607, 1, 1, 27, 15, 3),
(38608, 1, 2, 23, 19, 1),
(38609, 1, 3, 27, 9, 3),
(38610, 1, 4, 40, 40, 0),
(38611, 1, 5, 22, 20, 1),
(38612, 1, 1, 27, 15, 3),
(38613, 1, 2, 23, 19, 1),
(38614, 1, 3, 27, 9, 3),
(38615, 1, 4, 40, 40, 0),
(38616, 1, 5, 22, 20, 1),
(38617, 1, 1, 27, 15, 3),
(38618, 1, 2, 23, 19, 1),
(38619, 1, 3, 27, 9, 3),
(38620, 1, 4, 40, 40, 0),
(38621, 1, 5, 22, 20, 1),
(38622, 1, 1, 27, 15, 3),
(38623, 1, 2, 23, 19, 1),
(38624, 1, 3, 27, 9, 3),
(38625, 1, 4, 40, 40, 0),
(38626, 1, 5, 22, 20, 1),
(38627, 1, 1, 27, 15, 3),
(38628, 1, 2, 23, 19, 1),
(38629, 1, 3, 27, 9, 3),
(38630, 1, 4, 40, 40, 0),
(38631, 1, 5, 22, 20, 1),
(38632, 1, 1, 27, 15, 3),
(38633, 1, 2, 23, 19, 1),
(38634, 1, 3, 27, 9, 3),
(38635, 1, 4, 40, 40, 0),
(38636, 1, 5, 22, 20, 1),
(38637, 1, 1, 27, 15, 3),
(38638, 1, 2, 23, 19, 1),
(38639, 1, 3, 27, 9, 3),
(38640, 1, 4, 40, 40, 0),
(38641, 1, 5, 22, 20, 1),
(38642, 1, 1, 27, 15, 3),
(38643, 1, 2, 23, 19, 1),
(38644, 1, 3, 27, 9, 3),
(38645, 1, 4, 40, 40, 0),
(38646, 1, 5, 22, 20, 1),
(38647, 1, 1, 27, 15, 3),
(38648, 1, 2, 23, 19, 1),
(38649, 1, 3, 27, 9, 3),
(38650, 1, 4, 40, 40, 0),
(38651, 1, 5, 22, 20, 1),
(38652, 1, 1, 27, 15, 3),
(38653, 1, 2, 23, 19, 1),
(38654, 1, 3, 27, 9, 3),
(38655, 1, 4, 40, 40, 0),
(38656, 1, 5, 22, 20, 1),
(38657, 1, 1, 27, 15, 3),
(38658, 1, 2, 23, 19, 1),
(38659, 1, 3, 27, 9, 3),
(38660, 1, 4, 40, 40, 0),
(38661, 1, 5, 22, 20, 1),
(38662, 1, 1, 27, 15, 3),
(38663, 1, 2, 23, 19, 1),
(38664, 1, 3, 27, 9, 3),
(38665, 1, 4, 40, 40, 0),
(38666, 1, 5, 22, 20, 1),
(38667, 1, 1, 27, 15, 3),
(38668, 1, 2, 23, 19, 1),
(38669, 1, 3, 27, 9, 3),
(38670, 1, 4, 40, 40, 0),
(38671, 1, 5, 22, 20, 1),
(38672, 1, 1, 27, 15, 3),
(38673, 1, 2, 23, 19, 1),
(38674, 1, 3, 27, 9, 3),
(38675, 1, 4, 40, 40, 0),
(38676, 1, 5, 22, 20, 1),
(38677, 1, 1, 27, 15, 3),
(38678, 1, 2, 23, 19, 1),
(38679, 1, 3, 27, 9, 3),
(38680, 1, 4, 40, 40, 0),
(38681, 1, 5, 22, 20, 1),
(38682, 1, 1, 27, 15, 3),
(38683, 1, 2, 23, 19, 1),
(38684, 1, 3, 27, 9, 3),
(38685, 1, 4, 40, 40, 0),
(38686, 1, 5, 22, 20, 1),
(38687, 1, 1, 27, 15, 3),
(38688, 1, 2, 23, 19, 1),
(38689, 1, 3, 27, 9, 3),
(38690, 1, 4, 40, 40, 0),
(38691, 1, 5, 22, 20, 1),
(38692, 1, 1, 27, 15, 3),
(38693, 1, 2, 23, 19, 1),
(38694, 1, 3, 27, 9, 3),
(38695, 1, 4, 40, 40, 0),
(38696, 1, 5, 22, 20, 1),
(38697, 1, 1, 27, 15, 3),
(38698, 1, 2, 23, 19, 1),
(38699, 1, 3, 27, 9, 3),
(38700, 1, 4, 40, 40, 0),
(38701, 1, 5, 22, 20, 1),
(38702, 1, 1, 27, 15, 3),
(38703, 1, 2, 23, 19, 1),
(38704, 1, 3, 27, 9, 3),
(38705, 1, 4, 40, 40, 0),
(38706, 1, 5, 22, 20, 1),
(38707, 1, 1, 27, 15, 3),
(38708, 1, 2, 23, 19, 1),
(38709, 1, 3, 27, 9, 3),
(38710, 1, 4, 40, 40, 0),
(38711, 1, 5, 22, 20, 1),
(38712, 1, 1, 27, 15, 3),
(38713, 1, 2, 23, 19, 1),
(38714, 1, 3, 27, 9, 3),
(38715, 1, 4, 40, 40, 0),
(38716, 1, 5, 22, 20, 1),
(38717, 1, 1, 27, 15, 3),
(38718, 1, 2, 23, 19, 1),
(38719, 1, 3, 27, 9, 3),
(38720, 1, 4, 40, 40, 0),
(38721, 1, 5, 22, 20, 1),
(38722, 1, 1, 27, 15, 3),
(38723, 1, 2, 23, 19, 1),
(38724, 1, 3, 27, 9, 3),
(38725, 1, 4, 40, 40, 0),
(38726, 1, 5, 22, 20, 1),
(38727, 1, 1, 27, 15, 3),
(38728, 1, 2, 23, 19, 1),
(38729, 1, 3, 27, 9, 3),
(38730, 1, 4, 40, 40, 0),
(38731, 1, 5, 22, 20, 1),
(38732, 1, 1, 27, 15, 3),
(38733, 1, 2, 23, 19, 1),
(38734, 1, 3, 27, 9, 3),
(38735, 1, 4, 40, 40, 0),
(38736, 1, 5, 22, 20, 1),
(38737, 1, 1, 27, 15, 3),
(38738, 1, 2, 23, 19, 1),
(38739, 1, 3, 27, 9, 3),
(38740, 1, 4, 40, 40, 0),
(38741, 1, 5, 22, 20, 1),
(38742, 1, 1, 27, 15, 3),
(38743, 1, 2, 23, 19, 1),
(38744, 1, 3, 27, 9, 3),
(38745, 1, 4, 40, 40, 0),
(38746, 1, 5, 22, 20, 1),
(38747, 1, 1, 27, 15, 3),
(38748, 1, 2, 23, 19, 1),
(38749, 1, 3, 27, 9, 3),
(38750, 1, 4, 40, 40, 0),
(38751, 1, 5, 22, 20, 1),
(38752, 1, 1, 27, 15, 3),
(38753, 1, 2, 23, 19, 1),
(38754, 1, 3, 27, 9, 3),
(38755, 1, 4, 40, 40, 0),
(38756, 1, 5, 22, 20, 1),
(38757, 1, 1, 27, 15, 3),
(38758, 1, 2, 23, 19, 1),
(38759, 1, 3, 27, 9, 3),
(38760, 1, 4, 40, 40, 0),
(38761, 1, 5, 22, 20, 1),
(38762, 1, 1, 27, 15, 3),
(38763, 1, 2, 23, 19, 1),
(38764, 1, 3, 27, 9, 3),
(38765, 1, 4, 40, 40, 0),
(38766, 1, 5, 22, 20, 1),
(38767, 1, 1, 27, 15, 3),
(38768, 1, 2, 23, 19, 1),
(38769, 1, 3, 27, 9, 3),
(38770, 1, 4, 40, 40, 0),
(38771, 1, 5, 22, 20, 1),
(38772, 1, 1, 27, 15, 3),
(38773, 1, 2, 23, 19, 1),
(38774, 1, 3, 27, 9, 3),
(38775, 1, 4, 40, 40, 0),
(38776, 1, 5, 22, 20, 1),
(38777, 1, 1, 27, 15, 3),
(38778, 1, 2, 23, 19, 1),
(38779, 1, 3, 27, 9, 3),
(38780, 1, 4, 40, 40, 0),
(38781, 1, 5, 22, 20, 1),
(38782, 1, 1, 27, 15, 3),
(38783, 1, 2, 23, 19, 1),
(38784, 1, 3, 27, 9, 3),
(38785, 1, 4, 40, 40, 0),
(38786, 1, 5, 22, 20, 1),
(38787, 1, 1, 27, 15, 3),
(38788, 1, 2, 23, 19, 1),
(38789, 1, 3, 27, 9, 3),
(38790, 1, 4, 40, 40, 0),
(38791, 1, 5, 22, 20, 1),
(38792, 1, 1, 27, 15, 3),
(38793, 1, 2, 23, 19, 1),
(38794, 1, 3, 27, 9, 3),
(38795, 1, 4, 40, 40, 0),
(38796, 1, 5, 22, 20, 1),
(38797, 1, 1, 27, 15, 3),
(38798, 1, 2, 23, 19, 1),
(38799, 1, 3, 27, 9, 3),
(38800, 1, 4, 40, 40, 0),
(38801, 1, 5, 22, 20, 1),
(38802, 1, 1, 27, 15, 3),
(38803, 1, 2, 23, 19, 1),
(38804, 1, 3, 27, 9, 3),
(38805, 1, 4, 40, 40, 0),
(38806, 1, 5, 22, 20, 1),
(38807, 1, 1, 27, 15, 3),
(38808, 1, 2, 23, 19, 1),
(38809, 1, 3, 27, 9, 3),
(38810, 1, 4, 40, 40, 0),
(38811, 1, 5, 22, 20, 1),
(38812, 1, 1, 27, 15, 3),
(38813, 1, 2, 23, 19, 1),
(38814, 1, 3, 27, 9, 3),
(38815, 1, 4, 40, 40, 0),
(38816, 1, 5, 22, 20, 1),
(38817, 1, 1, 27, 15, 3),
(38818, 1, 2, 23, 19, 1),
(38819, 1, 3, 27, 9, 3),
(38820, 1, 4, 40, 40, 0),
(38821, 1, 5, 22, 20, 1),
(38822, 1, 1, 27, 15, 3),
(38823, 1, 2, 23, 19, 1),
(38824, 1, 3, 27, 9, 3),
(38825, 1, 4, 40, 40, 0),
(38826, 1, 5, 22, 20, 1),
(38827, 1, 1, 27, 15, 3),
(38828, 1, 2, 23, 19, 1),
(38829, 1, 3, 27, 9, 3),
(38830, 1, 4, 40, 40, 0),
(38831, 1, 5, 22, 20, 1),
(38832, 1, 1, 27, 15, 3),
(38833, 1, 2, 23, 19, 1),
(38834, 1, 3, 27, 9, 3),
(38835, 1, 4, 40, 40, 0),
(38836, 1, 5, 22, 20, 1),
(38837, 1, 1, 27, 15, 3),
(38838, 1, 2, 23, 19, 1),
(38839, 1, 3, 27, 9, 3),
(38840, 1, 4, 40, 40, 0),
(38841, 1, 5, 22, 20, 1),
(38842, 1, 1, 27, 15, 3),
(38843, 1, 2, 23, 19, 1),
(38844, 1, 3, 27, 9, 3),
(38845, 1, 4, 40, 40, 0),
(38846, 1, 5, 22, 20, 1),
(38847, 1, 1, 27, 15, 3),
(38848, 1, 2, 23, 19, 1),
(38849, 1, 3, 27, 9, 3),
(38850, 1, 4, 40, 40, 0),
(38851, 1, 5, 22, 20, 1),
(38852, 1, 1, 27, 15, 3),
(38853, 1, 2, 23, 19, 1),
(38854, 1, 3, 27, 9, 3),
(38855, 1, 4, 40, 40, 0),
(38856, 1, 5, 22, 20, 1),
(38857, 1, 1, 27, 15, 3),
(38858, 1, 2, 23, 19, 1),
(38859, 1, 3, 27, 9, 3),
(38860, 1, 4, 40, 40, 0),
(38861, 1, 5, 22, 20, 1),
(38862, 1, 1, 27, 15, 3),
(38863, 1, 2, 23, 19, 1),
(38864, 1, 3, 27, 9, 3),
(38865, 1, 4, 40, 40, 0),
(38866, 1, 5, 22, 20, 1),
(38867, 1, 1, 27, 15, 3),
(38868, 1, 2, 23, 19, 1),
(38869, 1, 3, 27, 9, 3),
(38870, 1, 4, 40, 40, 0),
(38871, 1, 5, 22, 20, 1),
(38872, 1, 1, 27, 15, 3),
(38873, 1, 2, 23, 19, 1),
(38874, 1, 3, 27, 9, 3),
(38875, 1, 4, 40, 40, 0),
(38876, 1, 5, 22, 20, 1),
(38877, 1, 1, 27, 15, 3),
(38878, 1, 2, 23, 19, 1),
(38879, 1, 3, 27, 9, 3),
(38880, 1, 4, 40, 40, 0),
(38881, 1, 5, 22, 20, 1),
(38882, 1, 1, 27, 15, 3),
(38883, 1, 2, 23, 19, 1),
(38884, 1, 3, 27, 9, 3),
(38885, 1, 4, 40, 40, 0),
(38886, 1, 5, 22, 20, 1),
(38887, 1, 1, 27, 15, 3),
(38888, 1, 2, 23, 19, 1),
(38889, 1, 3, 27, 9, 3),
(38890, 1, 4, 40, 40, 0),
(38891, 1, 5, 22, 20, 1),
(38892, 1, 1, 27, 15, 3),
(38893, 1, 2, 23, 19, 1),
(38894, 1, 3, 27, 9, 3),
(38895, 1, 4, 40, 40, 0),
(38896, 1, 5, 22, 20, 1),
(38897, 1, 1, 27, 15, 3),
(38898, 1, 2, 23, 19, 1),
(38899, 1, 3, 27, 9, 3),
(38900, 1, 4, 40, 40, 0),
(38901, 1, 5, 22, 20, 1),
(38902, 1, 1, 27, 15, 3),
(38903, 1, 2, 23, 19, 1),
(38904, 1, 3, 27, 9, 3),
(38905, 1, 4, 40, 40, 0),
(38906, 1, 5, 22, 20, 1),
(38907, 1, 1, 27, 15, 3),
(38908, 1, 2, 23, 19, 1),
(38909, 1, 3, 27, 9, 3),
(38910, 1, 4, 40, 40, 0),
(38911, 1, 5, 22, 20, 1),
(38912, 1, 1, 27, 15, 3),
(38913, 1, 2, 23, 19, 1),
(38914, 1, 3, 27, 9, 3),
(38915, 1, 4, 40, 40, 0),
(38916, 1, 5, 22, 20, 1),
(38917, 1, 1, 27, 15, 3),
(38918, 1, 2, 23, 19, 1),
(38919, 1, 3, 27, 9, 3),
(38920, 1, 4, 40, 40, 0),
(38921, 1, 5, 22, 20, 1),
(38922, 1, 1, 27, 15, 3),
(38923, 1, 2, 23, 19, 1),
(38924, 1, 3, 27, 9, 3),
(38925, 1, 4, 40, 40, 0),
(38926, 1, 5, 22, 20, 1),
(38927, 1, 1, 27, 15, 3),
(38928, 1, 2, 23, 19, 1),
(38929, 1, 3, 27, 9, 3),
(38930, 1, 4, 40, 40, 0),
(38931, 1, 5, 22, 20, 1),
(38932, 1, 1, 27, 15, 3),
(38933, 1, 2, 23, 19, 1),
(38934, 1, 3, 27, 9, 3),
(38935, 1, 4, 40, 40, 0),
(38936, 1, 5, 22, 20, 1),
(38937, 1, 1, 27, 15, 3),
(38938, 1, 2, 23, 19, 1),
(38939, 1, 3, 27, 9, 3),
(38940, 1, 4, 40, 40, 0),
(38941, 1, 5, 22, 20, 1),
(38942, 1, 1, 27, 15, 3),
(38943, 1, 2, 23, 19, 1),
(38944, 1, 3, 27, 9, 3),
(38945, 1, 4, 40, 40, 0),
(38946, 1, 5, 22, 20, 1),
(38947, 1, 1, 27, 15, 3),
(38948, 1, 2, 23, 19, 1),
(38949, 1, 3, 27, 9, 3),
(38950, 1, 4, 40, 40, 0),
(38951, 1, 5, 22, 20, 1),
(38952, 1, 1, 27, 15, 3),
(38953, 1, 2, 23, 19, 1),
(38954, 1, 3, 27, 9, 3),
(38955, 1, 4, 40, 40, 0),
(38956, 1, 5, 22, 20, 1),
(38957, 1, 1, 27, 15, 3),
(38958, 1, 2, 23, 19, 1),
(38959, 1, 3, 27, 9, 3),
(38960, 1, 4, 40, 40, 0),
(38961, 1, 5, 22, 20, 1),
(38962, 1, 1, 27, 15, 3),
(38963, 1, 2, 23, 19, 1),
(38964, 1, 3, 27, 9, 3),
(38965, 1, 4, 40, 40, 0),
(38966, 1, 5, 22, 20, 1),
(38967, 1, 1, 27, 15, 3),
(38968, 1, 2, 23, 19, 1),
(38969, 1, 3, 27, 9, 3),
(38970, 1, 4, 40, 40, 0),
(38971, 1, 5, 22, 20, 1),
(38972, 1, 1, 27, 15, 3),
(38973, 1, 2, 23, 19, 1),
(38974, 1, 3, 27, 9, 3),
(38975, 1, 4, 40, 40, 0),
(38976, 1, 5, 22, 20, 1),
(38977, 1, 1, 27, 15, 3),
(38978, 1, 2, 23, 19, 1),
(38979, 1, 3, 27, 9, 3),
(38980, 1, 4, 40, 40, 0),
(38981, 1, 5, 22, 20, 1),
(38982, 1, 1, 27, 15, 3),
(38983, 1, 2, 23, 19, 1),
(38984, 1, 3, 27, 9, 3),
(38985, 1, 4, 40, 40, 0),
(38986, 1, 5, 22, 20, 1),
(38987, 1, 1, 27, 15, 3),
(38988, 1, 2, 23, 19, 1),
(38989, 1, 3, 27, 9, 3),
(38990, 1, 4, 40, 40, 0),
(38991, 1, 5, 22, 20, 1),
(38992, 1, 1, 27, 15, 3),
(38993, 1, 2, 23, 19, 1),
(38994, 1, 3, 27, 9, 3),
(38995, 1, 4, 40, 40, 0),
(38996, 1, 5, 22, 20, 1),
(38997, 1, 1, 27, 15, 3),
(38998, 1, 2, 23, 19, 1),
(38999, 1, 3, 27, 9, 3),
(39000, 1, 4, 40, 40, 0),
(39001, 1, 5, 22, 20, 1),
(39002, 1, 1, 27, 15, 3),
(39003, 1, 2, 23, 19, 1),
(39004, 1, 3, 27, 9, 3),
(39005, 1, 4, 40, 40, 0),
(39006, 1, 5, 22, 20, 1),
(39007, 1, 1, 27, 15, 3),
(39008, 1, 2, 23, 19, 1),
(39009, 1, 3, 27, 9, 3),
(39010, 1, 4, 40, 40, 0),
(39011, 1, 5, 22, 20, 1),
(39012, 1, 1, 27, 15, 3),
(39013, 1, 2, 23, 19, 1),
(39014, 1, 3, 27, 9, 3),
(39015, 1, 4, 40, 40, 0),
(39016, 1, 5, 22, 20, 1),
(39017, 1, 1, 27, 15, 3),
(39018, 1, 2, 23, 19, 1),
(39019, 1, 3, 27, 9, 3),
(39020, 1, 4, 40, 40, 0),
(39021, 1, 5, 22, 20, 1),
(39022, 1, 1, 27, 15, 3),
(39023, 1, 2, 23, 19, 1),
(39024, 1, 3, 27, 9, 3),
(39025, 1, 4, 40, 40, 0),
(39026, 1, 5, 22, 20, 1),
(39027, 1, 1, 27, 15, 3),
(39028, 1, 2, 23, 19, 1),
(39029, 1, 3, 27, 9, 3),
(39030, 1, 4, 40, 40, 0),
(39031, 1, 5, 22, 20, 1),
(39032, 1, 1, 27, 15, 3),
(39033, 1, 2, 23, 19, 1),
(39034, 1, 3, 27, 9, 3),
(39035, 1, 4, 40, 40, 0),
(39036, 1, 5, 22, 20, 1),
(39037, 1, 1, 27, 15, 3),
(39038, 1, 2, 23, 19, 1),
(39039, 1, 3, 27, 9, 3),
(39040, 1, 4, 40, 40, 0),
(39041, 1, 5, 22, 20, 1),
(39042, 1, 1, 27, 15, 3),
(39043, 1, 2, 23, 19, 1),
(39044, 1, 3, 27, 9, 3),
(39045, 1, 4, 40, 40, 0),
(39046, 1, 5, 22, 20, 1),
(39047, 1, 1, 27, 15, 3),
(39048, 1, 2, 23, 19, 1),
(39049, 1, 3, 27, 9, 3),
(39050, 1, 4, 40, 40, 0),
(39051, 1, 5, 22, 20, 1),
(39052, 1, 1, 27, 15, 3),
(39053, 1, 2, 23, 19, 1),
(39054, 1, 3, 27, 9, 3),
(39055, 1, 4, 40, 40, 0),
(39056, 1, 5, 22, 20, 1),
(39057, 1, 1, 27, 15, 3),
(39058, 1, 2, 23, 19, 1),
(39059, 1, 3, 27, 9, 3),
(39060, 1, 4, 40, 40, 0),
(39061, 1, 5, 22, 20, 1),
(39062, 1, 1, 27, 15, 3),
(39063, 1, 2, 23, 19, 1),
(39064, 1, 3, 27, 9, 3),
(39065, 1, 4, 40, 40, 0),
(39066, 1, 5, 22, 20, 1),
(39067, 1, 1, 27, 15, 3),
(39068, 1, 2, 23, 19, 1),
(39069, 1, 3, 27, 9, 3),
(39070, 1, 4, 40, 40, 0),
(39071, 1, 5, 22, 20, 1),
(39072, 1, 1, 27, 15, 3),
(39073, 1, 2, 23, 19, 1),
(39074, 1, 3, 27, 9, 3),
(39075, 1, 4, 40, 40, 0),
(39076, 1, 5, 22, 20, 1),
(39077, 1, 1, 27, 15, 3),
(39078, 1, 2, 23, 19, 1),
(39079, 1, 3, 27, 9, 3),
(39080, 1, 4, 40, 40, 0),
(39081, 1, 5, 22, 20, 1),
(39082, 1, 1, 27, 15, 3),
(39083, 1, 2, 23, 19, 1),
(39084, 1, 3, 27, 9, 3),
(39085, 1, 4, 40, 40, 0),
(39086, 1, 5, 22, 20, 1),
(39087, 1, 1, 27, 15, 3),
(39088, 1, 2, 23, 19, 1),
(39089, 1, 3, 27, 9, 3),
(39090, 1, 4, 40, 40, 0),
(39091, 1, 5, 22, 20, 1),
(39092, 1, 1, 27, 15, 3),
(39093, 1, 2, 23, 19, 1),
(39094, 1, 3, 27, 9, 3),
(39095, 1, 4, 40, 40, 0),
(39096, 1, 5, 22, 20, 1),
(39097, 1, 1, 27, 15, 3),
(39098, 1, 2, 23, 19, 1),
(39099, 1, 3, 27, 9, 3),
(39100, 1, 4, 40, 40, 0),
(39101, 1, 5, 22, 20, 1),
(39102, 1, 1, 27, 15, 3),
(39103, 1, 2, 23, 19, 1),
(39104, 1, 3, 27, 9, 3),
(39105, 1, 4, 40, 40, 0),
(39106, 1, 5, 22, 20, 1),
(39107, 1, 1, 27, 15, 3),
(39108, 1, 2, 23, 19, 1),
(39109, 1, 3, 27, 9, 3),
(39110, 1, 4, 40, 40, 0),
(39111, 1, 5, 22, 20, 1),
(39112, 1, 1, 27, 15, 3),
(39113, 1, 2, 23, 19, 1),
(39114, 1, 3, 27, 9, 3),
(39115, 1, 4, 40, 40, 0),
(39116, 1, 5, 22, 20, 1),
(39117, 1, 1, 27, 15, 3),
(39118, 1, 2, 23, 19, 1),
(39119, 1, 3, 27, 9, 3),
(39120, 1, 4, 40, 40, 0),
(39121, 1, 5, 22, 20, 1),
(39122, 1, 1, 27, 15, 3),
(39123, 1, 2, 23, 19, 1),
(39124, 1, 3, 27, 9, 3),
(39125, 1, 4, 40, 40, 0),
(39126, 1, 5, 22, 20, 1),
(39127, 1, 1, 27, 15, 3),
(39128, 1, 2, 23, 19, 1),
(39129, 1, 3, 27, 9, 3),
(39130, 1, 4, 40, 40, 0),
(39131, 1, 5, 22, 20, 1),
(39132, 1, 1, 27, 15, 3),
(39133, 1, 2, 23, 19, 1),
(39134, 1, 3, 27, 9, 3),
(39135, 1, 4, 40, 40, 0),
(39136, 1, 5, 22, 20, 1),
(39137, 1, 1, 27, 15, 3),
(39138, 1, 2, 23, 19, 1),
(39139, 1, 3, 27, 9, 3),
(39140, 1, 4, 40, 40, 0),
(39141, 1, 5, 22, 20, 1),
(39142, 1, 1, 27, 15, 3),
(39143, 1, 2, 23, 19, 1),
(39144, 1, 3, 27, 9, 3),
(39145, 1, 4, 40, 40, 0),
(39146, 1, 5, 22, 20, 1),
(39147, 1, 1, 27, 15, 3),
(39148, 1, 2, 23, 19, 1),
(39149, 1, 3, 27, 9, 3),
(39150, 1, 4, 40, 40, 0),
(39151, 1, 5, 22, 20, 1),
(39152, 1, 1, 27, 15, 3),
(39153, 1, 2, 23, 19, 1),
(39154, 1, 3, 27, 9, 3),
(39155, 1, 4, 40, 40, 0),
(39156, 1, 5, 22, 20, 1),
(39157, 1, 1, 27, 15, 3),
(39158, 1, 2, 23, 19, 1),
(39159, 1, 3, 27, 9, 3),
(39160, 1, 4, 40, 40, 0),
(39161, 1, 5, 22, 20, 1),
(39162, 1, 1, 27, 15, 3),
(39163, 1, 2, 23, 19, 1),
(39164, 1, 3, 27, 9, 3),
(39165, 1, 4, 40, 40, 0),
(39166, 1, 5, 22, 20, 1),
(39167, 1, 1, 27, 15, 3),
(39168, 1, 2, 23, 19, 1),
(39169, 1, 3, 27, 9, 3),
(39170, 1, 4, 40, 40, 0),
(39171, 1, 5, 22, 20, 1),
(39172, 1, 1, 27, 15, 3),
(39173, 1, 2, 23, 19, 1),
(39174, 1, 3, 27, 9, 3),
(39175, 1, 4, 40, 40, 0),
(39176, 1, 5, 22, 20, 1),
(39177, 1, 1, 27, 15, 3),
(39178, 1, 2, 23, 19, 1),
(39179, 1, 3, 27, 9, 3),
(39180, 1, 4, 40, 40, 0),
(39181, 1, 5, 22, 20, 1),
(39182, 1, 1, 27, 15, 3),
(39183, 1, 2, 23, 19, 1),
(39184, 1, 3, 27, 9, 3),
(39185, 1, 4, 40, 40, 0),
(39186, 1, 5, 22, 20, 1),
(39187, 1, 1, 27, 15, 3),
(39188, 1, 2, 23, 19, 1),
(39189, 1, 3, 27, 9, 3),
(39190, 1, 4, 40, 40, 0),
(39191, 1, 5, 22, 20, 1),
(39192, 1, 1, 27, 15, 3),
(39193, 1, 2, 23, 19, 1),
(39194, 1, 3, 27, 9, 3),
(39195, 1, 4, 40, 40, 0),
(39196, 1, 5, 22, 20, 1),
(39197, 1, 1, 27, 15, 3),
(39198, 1, 2, 23, 19, 1),
(39199, 1, 3, 27, 9, 3),
(39200, 1, 4, 40, 40, 0),
(39201, 1, 5, 22, 20, 1),
(39202, 1, 1, 27, 15, 3),
(39203, 1, 2, 23, 19, 1),
(39204, 1, 3, 27, 9, 3),
(39205, 1, 4, 40, 40, 0),
(39206, 1, 5, 22, 20, 1),
(39207, 1, 1, 27, 15, 3),
(39208, 1, 2, 23, 19, 1),
(39209, 1, 3, 27, 9, 3),
(39210, 1, 4, 40, 40, 0),
(39211, 1, 5, 22, 20, 1),
(39212, 1, 1, 27, 15, 3),
(39213, 1, 2, 23, 19, 1),
(39214, 1, 3, 27, 9, 3),
(39215, 1, 4, 40, 40, 0),
(39216, 1, 5, 22, 20, 1),
(39217, 1, 1, 27, 15, 3),
(39218, 1, 2, 23, 19, 1),
(39219, 1, 3, 27, 9, 3),
(39220, 1, 4, 40, 40, 0),
(39221, 1, 5, 22, 20, 1),
(39222, 1, 1, 27, 15, 3),
(39223, 1, 2, 23, 19, 1),
(39224, 1, 3, 27, 9, 3),
(39225, 1, 4, 40, 40, 0),
(39226, 1, 5, 22, 20, 1),
(39227, 1, 1, 27, 15, 3),
(39228, 1, 2, 23, 19, 1),
(39229, 1, 3, 27, 9, 3),
(39230, 1, 4, 40, 40, 0),
(39231, 1, 5, 22, 20, 1),
(39232, 1, 1, 27, 15, 3),
(39233, 1, 2, 23, 19, 1),
(39234, 1, 3, 27, 9, 3),
(39235, 1, 4, 40, 40, 0),
(39236, 1, 5, 22, 20, 1),
(39237, 1, 1, 27, 15, 3),
(39238, 1, 2, 23, 19, 1),
(39239, 1, 3, 27, 9, 3),
(39240, 1, 4, 40, 40, 0),
(39241, 1, 5, 22, 20, 1),
(39242, 1, 1, 27, 15, 3),
(39243, 1, 2, 23, 19, 1),
(39244, 1, 3, 27, 9, 3),
(39245, 1, 4, 40, 40, 0),
(39246, 1, 5, 22, 20, 1),
(39247, 1, 1, 27, 15, 3),
(39248, 1, 2, 23, 19, 1),
(39249, 1, 3, 27, 9, 3),
(39250, 1, 4, 40, 40, 0),
(39251, 1, 5, 22, 20, 1),
(39252, 1, 1, 27, 15, 3),
(39253, 1, 2, 23, 19, 1),
(39254, 1, 3, 27, 9, 3),
(39255, 1, 4, 40, 40, 0),
(39256, 1, 5, 22, 20, 1),
(39257, 1, 1, 27, 15, 3),
(39258, 1, 2, 23, 19, 1),
(39259, 1, 3, 27, 9, 3),
(39260, 1, 4, 40, 40, 0),
(39261, 1, 5, 22, 20, 1),
(39262, 1, 1, 27, 15, 3),
(39263, 1, 2, 23, 19, 1),
(39264, 1, 3, 27, 9, 3),
(39265, 1, 4, 40, 40, 0),
(39266, 1, 5, 22, 20, 1),
(39267, 1, 1, 27, 15, 3),
(39268, 1, 2, 23, 19, 1),
(39269, 1, 3, 27, 9, 3),
(39270, 1, 4, 40, 40, 0),
(39271, 1, 5, 22, 20, 1),
(39272, 1, 1, 27, 15, 3),
(39273, 1, 2, 23, 19, 1),
(39274, 1, 3, 27, 9, 3),
(39275, 1, 4, 40, 40, 0),
(39276, 1, 5, 22, 20, 1),
(39277, 1, 1, 27, 15, 3),
(39278, 1, 2, 23, 19, 1),
(39279, 1, 3, 27, 9, 3),
(39280, 1, 4, 40, 40, 0),
(39281, 1, 5, 22, 20, 1),
(39282, 1, 1, 27, 15, 3),
(39283, 1, 2, 23, 19, 1),
(39284, 1, 3, 27, 9, 3),
(39285, 1, 4, 40, 40, 0),
(39286, 1, 5, 22, 20, 1),
(39287, 1, 1, 27, 15, 3),
(39288, 1, 2, 23, 19, 1),
(39289, 1, 3, 27, 9, 3),
(39290, 1, 4, 40, 40, 0),
(39291, 1, 5, 22, 20, 1),
(39292, 1, 1, 27, 15, 3),
(39293, 1, 2, 23, 19, 1),
(39294, 1, 3, 27, 9, 3),
(39295, 1, 4, 40, 40, 0),
(39296, 1, 5, 22, 20, 1),
(39297, 1, 1, 27, 15, 3),
(39298, 1, 2, 23, 19, 1),
(39299, 1, 3, 27, 9, 3),
(39300, 1, 4, 40, 40, 0),
(39301, 1, 5, 22, 20, 1),
(39302, 1, 1, 27, 15, 3),
(39303, 1, 2, 23, 19, 1),
(39304, 1, 3, 27, 9, 3),
(39305, 1, 4, 40, 40, 0),
(39306, 1, 5, 22, 20, 1),
(39307, 1, 1, 27, 15, 3),
(39308, 1, 2, 23, 19, 1),
(39309, 1, 3, 27, 9, 3),
(39310, 1, 4, 40, 40, 0),
(39311, 1, 5, 22, 20, 1),
(39312, 1, 1, 27, 15, 3),
(39313, 1, 2, 23, 19, 1),
(39314, 1, 3, 27, 9, 3),
(39315, 1, 4, 40, 40, 0),
(39316, 1, 5, 22, 20, 1),
(39317, 1, 1, 27, 15, 3),
(39318, 1, 2, 23, 19, 1),
(39319, 1, 3, 27, 9, 3),
(39320, 1, 4, 40, 40, 0),
(39321, 1, 5, 22, 20, 1),
(39322, 1, 1, 27, 15, 3),
(39323, 1, 2, 23, 19, 1),
(39324, 1, 3, 27, 9, 3),
(39325, 1, 4, 40, 40, 0),
(39326, 1, 5, 22, 20, 1),
(39327, 1, 1, 27, 15, 3),
(39328, 1, 2, 23, 19, 1),
(39329, 1, 3, 27, 9, 3),
(39330, 1, 4, 40, 40, 0),
(39331, 1, 5, 22, 20, 1),
(39332, 1, 1, 27, 15, 3),
(39333, 1, 2, 23, 19, 1),
(39334, 1, 3, 27, 9, 3),
(39335, 1, 4, 40, 40, 0),
(39336, 1, 5, 22, 20, 1),
(39337, 1, 1, 27, 15, 3),
(39338, 1, 2, 23, 19, 1),
(39339, 1, 3, 27, 9, 3),
(39340, 1, 4, 40, 40, 0),
(39341, 1, 5, 22, 20, 1),
(39342, 1, 1, 27, 15, 3),
(39343, 1, 2, 23, 19, 1),
(39344, 1, 3, 27, 9, 3),
(39345, 1, 4, 40, 40, 0),
(39346, 1, 5, 22, 20, 1),
(39347, 1, 1, 27, 15, 3),
(39348, 1, 2, 23, 19, 1),
(39349, 1, 3, 27, 9, 3),
(39350, 1, 4, 40, 40, 0),
(39351, 1, 5, 22, 20, 1),
(39352, 1, 1, 27, 15, 3),
(39353, 1, 2, 23, 19, 1),
(39354, 1, 3, 27, 9, 3),
(39355, 1, 4, 40, 40, 0),
(39356, 1, 5, 22, 20, 1),
(39357, 1, 1, 27, 15, 3),
(39358, 1, 2, 23, 19, 1),
(39359, 1, 3, 27, 9, 3),
(39360, 1, 4, 40, 40, 0),
(39361, 1, 5, 22, 20, 1),
(39362, 1, 1, 27, 15, 3),
(39363, 1, 2, 23, 19, 1),
(39364, 1, 3, 27, 9, 3),
(39365, 1, 4, 40, 40, 0),
(39366, 1, 5, 22, 20, 1),
(39367, 1, 1, 27, 15, 3),
(39368, 1, 2, 23, 19, 1),
(39369, 1, 3, 27, 9, 3),
(39370, 1, 4, 40, 40, 0),
(39371, 1, 5, 22, 20, 1),
(39372, 1, 1, 27, 15, 3),
(39373, 1, 2, 23, 19, 1),
(39374, 1, 3, 27, 9, 3),
(39375, 1, 4, 40, 40, 0),
(39376, 1, 5, 22, 20, 1),
(39377, 1, 1, 27, 15, 3),
(39378, 1, 2, 23, 19, 1),
(39379, 1, 3, 27, 9, 3),
(39380, 1, 4, 40, 40, 0),
(39381, 1, 5, 22, 20, 1),
(39382, 1, 1, 27, 15, 3),
(39383, 1, 2, 23, 19, 1),
(39384, 1, 3, 27, 9, 3),
(39385, 1, 4, 40, 40, 0),
(39386, 1, 5, 22, 20, 1),
(39387, 1, 1, 27, 15, 3),
(39388, 1, 2, 23, 19, 1),
(39389, 1, 3, 27, 9, 3),
(39390, 1, 4, 40, 40, 0),
(39391, 1, 5, 22, 20, 1),
(39392, 1, 1, 27, 15, 3),
(39393, 1, 2, 23, 19, 1),
(39394, 1, 3, 27, 9, 3),
(39395, 1, 4, 40, 40, 0),
(39396, 1, 5, 22, 20, 1),
(39397, 1, 1, 27, 15, 3),
(39398, 1, 2, 23, 19, 1),
(39399, 1, 3, 27, 9, 3),
(39400, 1, 4, 40, 40, 0),
(39401, 1, 5, 22, 20, 1),
(39402, 1, 1, 27, 15, 3),
(39403, 1, 2, 23, 19, 1),
(39404, 1, 3, 27, 9, 3),
(39405, 1, 4, 40, 40, 0),
(39406, 1, 5, 22, 20, 1),
(39407, 1, 1, 27, 15, 3),
(39408, 1, 2, 23, 19, 1),
(39409, 1, 3, 27, 9, 3),
(39410, 1, 4, 40, 40, 0),
(39411, 1, 5, 22, 20, 1),
(39412, 1, 1, 27, 15, 3),
(39413, 1, 2, 23, 19, 1),
(39414, 1, 3, 27, 9, 3),
(39415, 1, 4, 40, 40, 0),
(39416, 1, 5, 22, 20, 1),
(39417, 1, 1, 27, 15, 3),
(39418, 1, 2, 23, 19, 1),
(39419, 1, 3, 27, 9, 3),
(39420, 1, 4, 40, 40, 0),
(39421, 1, 5, 22, 20, 1),
(39422, 1, 1, 27, 15, 3),
(39423, 1, 2, 23, 19, 1),
(39424, 1, 3, 27, 9, 3),
(39425, 1, 4, 40, 40, 0),
(39426, 1, 5, 22, 20, 1),
(39427, 1, 1, 27, 15, 3),
(39428, 1, 2, 23, 19, 1),
(39429, 1, 3, 27, 9, 3),
(39430, 1, 4, 40, 40, 0),
(39431, 1, 5, 22, 20, 1),
(39432, 1, 1, 27, 15, 3),
(39433, 1, 2, 23, 19, 1),
(39434, 1, 3, 27, 9, 3),
(39435, 1, 4, 40, 40, 0),
(39436, 1, 5, 22, 20, 1),
(39437, 1, 1, 27, 15, 3),
(39438, 1, 2, 23, 19, 1),
(39439, 1, 3, 27, 9, 3),
(39440, 1, 4, 40, 40, 0),
(39441, 1, 5, 22, 20, 1),
(39442, 1, 1, 27, 15, 3),
(39443, 1, 2, 23, 19, 1),
(39444, 1, 3, 27, 9, 3),
(39445, 1, 4, 40, 40, 0),
(39446, 1, 5, 22, 20, 1),
(39447, 1, 1, 27, 15, 3),
(39448, 1, 2, 23, 19, 1),
(39449, 1, 3, 27, 9, 3),
(39450, 1, 4, 40, 40, 0),
(39451, 1, 5, 22, 20, 1),
(39452, 1, 1, 27, 15, 3),
(39453, 1, 2, 23, 19, 1),
(39454, 1, 3, 27, 9, 3),
(39455, 1, 4, 40, 40, 0),
(39456, 1, 5, 22, 20, 1),
(39457, 1, 1, 27, 15, 3),
(39458, 1, 2, 23, 19, 1),
(39459, 1, 3, 27, 9, 3),
(39460, 1, 4, 40, 40, 0),
(39461, 1, 5, 22, 20, 1),
(39462, 1, 1, 27, 15, 3),
(39463, 1, 2, 23, 19, 1),
(39464, 1, 3, 27, 9, 3),
(39465, 1, 4, 40, 40, 0),
(39466, 1, 5, 22, 20, 1),
(39467, 1, 1, 27, 15, 3),
(39468, 1, 2, 23, 19, 1),
(39469, 1, 3, 27, 9, 3),
(39470, 1, 4, 40, 40, 0),
(39471, 1, 5, 22, 20, 1),
(39472, 1, 1, 27, 15, 3),
(39473, 1, 2, 23, 19, 1),
(39474, 1, 3, 27, 9, 3),
(39475, 1, 4, 40, 40, 0),
(39476, 1, 5, 22, 20, 1),
(39477, 1, 1, 27, 15, 3),
(39478, 1, 2, 23, 19, 1),
(39479, 1, 3, 27, 9, 3),
(39480, 1, 4, 40, 40, 0),
(39481, 1, 5, 22, 20, 1),
(39482, 1, 1, 27, 15, 3),
(39483, 1, 2, 23, 19, 1),
(39484, 1, 3, 27, 9, 3),
(39485, 1, 4, 40, 40, 0),
(39486, 1, 5, 22, 20, 1),
(39487, 1, 1, 27, 15, 3),
(39488, 1, 2, 23, 19, 1),
(39489, 1, 3, 27, 9, 3),
(39490, 1, 4, 40, 40, 0),
(39491, 1, 5, 22, 20, 1),
(39492, 1, 1, 27, 15, 3),
(39493, 1, 2, 23, 19, 1),
(39494, 1, 3, 27, 9, 3),
(39495, 1, 4, 40, 40, 0),
(39496, 1, 5, 22, 20, 1),
(39497, 1, 1, 27, 15, 3),
(39498, 1, 2, 23, 19, 1),
(39499, 1, 3, 27, 9, 3),
(39500, 1, 4, 40, 40, 0),
(39501, 1, 5, 22, 20, 1),
(39502, 1, 1, 27, 15, 3),
(39503, 1, 2, 23, 19, 1),
(39504, 1, 3, 27, 9, 3),
(39505, 1, 4, 40, 40, 0),
(39506, 1, 5, 22, 20, 1),
(39507, 1, 1, 27, 15, 3),
(39508, 1, 2, 23, 19, 1),
(39509, 1, 3, 27, 9, 3),
(39510, 1, 4, 40, 40, 0),
(39511, 1, 5, 22, 20, 1),
(39512, 1, 1, 27, 15, 3),
(39513, 1, 2, 23, 19, 1),
(39514, 1, 3, 27, 9, 3),
(39515, 1, 4, 40, 40, 0),
(39516, 1, 5, 22, 20, 1),
(39517, 1, 1, 27, 15, 3),
(39518, 1, 2, 23, 19, 1),
(39519, 1, 3, 27, 9, 3),
(39520, 1, 4, 40, 40, 0),
(39521, 1, 5, 22, 20, 1),
(39522, 1, 1, 27, 15, 3),
(39523, 1, 2, 23, 19, 1),
(39524, 1, 3, 27, 9, 3),
(39525, 1, 4, 40, 40, 0),
(39526, 1, 5, 22, 20, 1),
(39527, 1, 1, 27, 15, 3),
(39528, 1, 2, 23, 19, 1),
(39529, 1, 3, 27, 9, 3),
(39530, 1, 4, 40, 40, 0),
(39531, 1, 5, 22, 20, 1),
(39532, 1, 1, 27, 15, 3),
(39533, 1, 2, 23, 19, 1),
(39534, 1, 3, 27, 9, 3),
(39535, 1, 4, 40, 40, 0),
(39536, 1, 5, 22, 20, 1),
(39537, 1, 1, 27, 15, 3),
(39538, 1, 2, 23, 19, 1),
(39539, 1, 3, 27, 9, 3),
(39540, 1, 4, 40, 40, 0),
(39541, 1, 5, 22, 20, 1),
(39542, 1, 1, 27, 15, 3),
(39543, 1, 2, 23, 19, 1),
(39544, 1, 3, 27, 9, 3),
(39545, 1, 4, 40, 40, 0),
(39546, 1, 5, 22, 20, 1),
(39547, 1, 1, 27, 15, 3);
INSERT INTO `line_chart` (`id`, `floor_id`, `zone_id`, `total_available`, `total_vacant`, `total_faulty`) VALUES
(39548, 1, 2, 23, 19, 1),
(39549, 1, 3, 27, 9, 3),
(39550, 1, 4, 40, 40, 0),
(39551, 1, 5, 22, 20, 1),
(39552, 1, 1, 27, 15, 3),
(39553, 1, 2, 23, 19, 1),
(39554, 1, 3, 27, 9, 3),
(39555, 1, 4, 40, 40, 0),
(39556, 1, 5, 22, 20, 1),
(39557, 1, 1, 27, 15, 3),
(39558, 1, 2, 23, 19, 1),
(39559, 1, 3, 27, 9, 3),
(39560, 1, 4, 40, 40, 0),
(39561, 1, 5, 22, 20, 1),
(39562, 1, 1, 27, 15, 3),
(39563, 1, 2, 23, 19, 1),
(39564, 1, 3, 27, 9, 3),
(39565, 1, 4, 40, 40, 0),
(39566, 1, 5, 22, 20, 1),
(39567, 1, 1, 27, 15, 3),
(39568, 1, 2, 23, 19, 1),
(39569, 1, 3, 27, 9, 3),
(39570, 1, 4, 40, 40, 0),
(39571, 1, 5, 22, 20, 1),
(39572, 1, 1, 27, 15, 3),
(39573, 1, 2, 23, 19, 1),
(39574, 1, 3, 27, 9, 3),
(39575, 1, 4, 40, 40, 0),
(39576, 1, 5, 22, 20, 1),
(39577, 1, 1, 27, 15, 3),
(39578, 1, 2, 23, 19, 1),
(39579, 1, 3, 27, 9, 3),
(39580, 1, 4, 40, 40, 0),
(39581, 1, 5, 22, 20, 1),
(39582, 1, 1, 27, 15, 3),
(39583, 1, 2, 23, 19, 1),
(39584, 1, 3, 27, 9, 3),
(39585, 1, 4, 40, 40, 0),
(39586, 1, 5, 22, 20, 1),
(39587, 1, 1, 27, 15, 3),
(39588, 1, 2, 23, 19, 1),
(39589, 1, 3, 27, 9, 3),
(39590, 1, 4, 40, 40, 0),
(39591, 1, 5, 22, 20, 1),
(39592, 1, 1, 27, 15, 3),
(39593, 1, 2, 23, 19, 1),
(39594, 1, 3, 27, 9, 3),
(39595, 1, 4, 40, 40, 0),
(39596, 1, 5, 22, 20, 1),
(39597, 1, 1, 27, 15, 3),
(39598, 1, 2, 23, 19, 1),
(39599, 1, 3, 27, 9, 3),
(39600, 1, 4, 40, 40, 0),
(39601, 1, 5, 22, 20, 1),
(39602, 1, 1, 27, 15, 3),
(39603, 1, 2, 23, 19, 1),
(39604, 1, 3, 27, 9, 3),
(39605, 1, 4, 40, 40, 0),
(39606, 1, 5, 22, 20, 1),
(39607, 1, 1, 27, 15, 3),
(39608, 1, 2, 23, 19, 1),
(39609, 1, 3, 27, 9, 3),
(39610, 1, 4, 40, 40, 0),
(39611, 1, 5, 22, 20, 1),
(39612, 1, 1, 27, 15, 3),
(39613, 1, 2, 23, 19, 1),
(39614, 1, 3, 27, 9, 3),
(39615, 1, 4, 40, 40, 0),
(39616, 1, 5, 22, 20, 1),
(39617, 1, 1, 27, 15, 3),
(39618, 1, 2, 23, 19, 1),
(39619, 1, 3, 27, 9, 3),
(39620, 1, 4, 40, 40, 0),
(39621, 1, 5, 22, 20, 1),
(39622, 1, 1, 27, 15, 3),
(39623, 1, 2, 23, 19, 1),
(39624, 1, 3, 27, 9, 3),
(39625, 1, 4, 40, 40, 0),
(39626, 1, 5, 22, 20, 1),
(39627, 1, 1, 27, 15, 3),
(39628, 1, 2, 23, 19, 1),
(39629, 1, 3, 27, 9, 3),
(39630, 1, 4, 40, 40, 0),
(39631, 1, 5, 22, 20, 1),
(39632, 1, 1, 27, 15, 3),
(39633, 1, 2, 23, 19, 1),
(39634, 1, 3, 27, 9, 3),
(39635, 1, 4, 40, 40, 0),
(39636, 1, 5, 22, 20, 1),
(39637, 1, 1, 27, 15, 3),
(39638, 1, 2, 23, 19, 1),
(39639, 1, 3, 27, 9, 3),
(39640, 1, 4, 40, 40, 0),
(39641, 1, 5, 22, 20, 1),
(39642, 1, 1, 27, 15, 3),
(39643, 1, 2, 23, 19, 1),
(39644, 1, 3, 27, 9, 3),
(39645, 1, 4, 40, 40, 0),
(39646, 1, 5, 22, 20, 1),
(39647, 1, 1, 27, 15, 3),
(39648, 1, 2, 23, 19, 1),
(39649, 1, 3, 27, 9, 3),
(39650, 1, 4, 40, 40, 0),
(39651, 1, 5, 22, 20, 1),
(39652, 1, 1, 27, 15, 3),
(39653, 1, 2, 23, 19, 1),
(39654, 1, 3, 27, 9, 3),
(39655, 1, 4, 40, 40, 0),
(39656, 1, 5, 22, 20, 1),
(39657, 1, 1, 27, 15, 3),
(39658, 1, 2, 23, 19, 1),
(39659, 1, 3, 27, 9, 3),
(39660, 1, 4, 40, 40, 0),
(39661, 1, 5, 22, 20, 1),
(39662, 1, 1, 27, 15, 3),
(39663, 1, 2, 23, 19, 1),
(39664, 1, 3, 27, 9, 3),
(39665, 1, 4, 40, 40, 0),
(39666, 1, 5, 22, 20, 1),
(39667, 1, 1, 27, 15, 3),
(39668, 1, 2, 23, 19, 1),
(39669, 1, 3, 27, 9, 3),
(39670, 1, 4, 40, 40, 0),
(39671, 1, 5, 22, 20, 1),
(39672, 1, 1, 27, 15, 3),
(39673, 1, 2, 23, 19, 1),
(39674, 1, 3, 27, 9, 3),
(39675, 1, 4, 40, 40, 0),
(39676, 1, 5, 22, 20, 1),
(39677, 1, 1, 27, 15, 3),
(39678, 1, 2, 23, 19, 1),
(39679, 1, 3, 27, 9, 3),
(39680, 1, 4, 40, 40, 0),
(39681, 1, 5, 22, 20, 1),
(39682, 1, 1, 27, 15, 3),
(39683, 1, 2, 23, 19, 1),
(39684, 1, 3, 27, 9, 3),
(39685, 1, 4, 40, 40, 0),
(39686, 1, 5, 22, 20, 1),
(39687, 1, 1, 27, 15, 3),
(39688, 1, 2, 23, 19, 1),
(39689, 1, 3, 27, 9, 3),
(39690, 1, 4, 40, 40, 0),
(39691, 1, 5, 22, 20, 1),
(39692, 1, 1, 27, 15, 3),
(39693, 1, 2, 23, 19, 1),
(39694, 1, 3, 27, 9, 3),
(39695, 1, 4, 40, 40, 0),
(39696, 1, 5, 22, 20, 1),
(39697, 1, 1, 27, 15, 3),
(39698, 1, 2, 23, 19, 1),
(39699, 1, 3, 27, 9, 3),
(39700, 1, 4, 40, 40, 0),
(39701, 1, 5, 22, 20, 1),
(39702, 1, 1, 27, 15, 3),
(39703, 1, 2, 23, 19, 1),
(39704, 1, 3, 27, 9, 3),
(39705, 1, 4, 40, 40, 0),
(39706, 1, 5, 22, 20, 1),
(39707, 1, 1, 27, 15, 3),
(39708, 1, 2, 23, 19, 1),
(39709, 1, 3, 27, 9, 3),
(39710, 1, 4, 40, 40, 0),
(39711, 1, 5, 22, 20, 1),
(39712, 1, 1, 27, 15, 3),
(39713, 1, 2, 23, 19, 1),
(39714, 1, 3, 27, 9, 3),
(39715, 1, 4, 40, 40, 0),
(39716, 1, 5, 22, 20, 1),
(39717, 1, 1, 27, 15, 3),
(39718, 1, 2, 23, 19, 1),
(39719, 1, 3, 27, 9, 3),
(39720, 1, 4, 40, 40, 0),
(39721, 1, 5, 22, 20, 1),
(39722, 1, 1, 27, 15, 3),
(39723, 1, 2, 23, 19, 1),
(39724, 1, 3, 27, 9, 3),
(39725, 1, 4, 40, 40, 0),
(39726, 1, 5, 22, 20, 1),
(39727, 1, 1, 27, 15, 3),
(39728, 1, 2, 23, 19, 1),
(39729, 1, 3, 27, 9, 3),
(39730, 1, 4, 40, 40, 0),
(39731, 1, 5, 22, 20, 1),
(39732, 1, 1, 27, 15, 3),
(39733, 1, 2, 23, 19, 1),
(39734, 1, 3, 27, 9, 3),
(39735, 1, 4, 40, 40, 0),
(39736, 1, 5, 22, 20, 1),
(39737, 1, 1, 27, 15, 3),
(39738, 1, 2, 23, 19, 1),
(39739, 1, 3, 27, 9, 3),
(39740, 1, 4, 40, 40, 0),
(39741, 1, 5, 22, 20, 1),
(39742, 1, 1, 27, 15, 3),
(39743, 1, 2, 23, 19, 1),
(39744, 1, 3, 27, 9, 3),
(39745, 1, 4, 40, 40, 0),
(39746, 1, 5, 22, 20, 1),
(39747, 1, 1, 27, 15, 3),
(39748, 1, 2, 23, 19, 1),
(39749, 1, 3, 27, 9, 3),
(39750, 1, 4, 40, 40, 0),
(39751, 1, 5, 22, 20, 1),
(39752, 1, 1, 27, 15, 3),
(39753, 1, 2, 23, 19, 1),
(39754, 1, 3, 27, 9, 3),
(39755, 1, 4, 40, 40, 0),
(39756, 1, 5, 22, 20, 1),
(39757, 1, 1, 27, 15, 3),
(39758, 1, 2, 23, 19, 1),
(39759, 1, 3, 27, 9, 3),
(39760, 1, 4, 40, 40, 0),
(39761, 1, 5, 22, 20, 1),
(39762, 1, 1, 27, 15, 3),
(39763, 1, 2, 23, 19, 1),
(39764, 1, 3, 27, 9, 3),
(39765, 1, 4, 40, 40, 0),
(39766, 1, 5, 22, 20, 1),
(39767, 1, 1, 27, 15, 3),
(39768, 1, 2, 23, 19, 1),
(39769, 1, 3, 27, 9, 3),
(39770, 1, 4, 40, 40, 0),
(39771, 1, 5, 22, 20, 1),
(39772, 1, 1, 27, 15, 3),
(39773, 1, 2, 23, 19, 1),
(39774, 1, 3, 27, 9, 3),
(39775, 1, 4, 40, 40, 0),
(39776, 1, 5, 22, 20, 1),
(39777, 1, 1, 27, 15, 3),
(39778, 1, 2, 23, 19, 1),
(39779, 1, 3, 27, 9, 3),
(39780, 1, 4, 40, 40, 0),
(39781, 1, 5, 22, 20, 1),
(39782, 1, 1, 27, 15, 3),
(39783, 1, 2, 23, 19, 1),
(39784, 1, 3, 27, 9, 3),
(39785, 1, 4, 40, 40, 0),
(39786, 1, 5, 22, 20, 1),
(39787, 1, 1, 27, 15, 3),
(39788, 1, 2, 23, 19, 1),
(39789, 1, 3, 27, 9, 3),
(39790, 1, 4, 40, 40, 0),
(39791, 1, 5, 22, 20, 1),
(39792, 1, 1, 27, 15, 3),
(39793, 1, 2, 23, 19, 1),
(39794, 1, 3, 27, 9, 3),
(39795, 1, 4, 40, 40, 0),
(39796, 1, 5, 22, 20, 1),
(39797, 1, 1, 27, 15, 3),
(39798, 1, 2, 23, 19, 1),
(39799, 1, 3, 27, 9, 3),
(39800, 1, 4, 40, 40, 0),
(39801, 1, 5, 22, 20, 1),
(39802, 1, 1, 27, 15, 3),
(39803, 1, 2, 23, 19, 1),
(39804, 1, 3, 27, 9, 3),
(39805, 1, 4, 40, 40, 0),
(39806, 1, 5, 22, 20, 1),
(39807, 1, 1, 27, 15, 3),
(39808, 1, 2, 23, 19, 1),
(39809, 1, 3, 27, 9, 3),
(39810, 1, 4, 40, 40, 0),
(39811, 1, 5, 22, 20, 1),
(39812, 1, 1, 27, 15, 3),
(39813, 1, 2, 23, 19, 1),
(39814, 1, 3, 27, 9, 3),
(39815, 1, 4, 40, 40, 0),
(39816, 1, 5, 22, 20, 1),
(39817, 1, 1, 27, 15, 3),
(39818, 1, 2, 23, 19, 1),
(39819, 1, 3, 27, 9, 3),
(39820, 1, 4, 40, 40, 0),
(39821, 1, 5, 22, 20, 1),
(39822, 1, 1, 27, 15, 3),
(39823, 1, 2, 23, 19, 1),
(39824, 1, 3, 27, 9, 3),
(39825, 1, 4, 40, 40, 0),
(39826, 1, 5, 22, 20, 1),
(39827, 1, 1, 27, 15, 3),
(39828, 1, 2, 23, 19, 1),
(39829, 1, 3, 27, 9, 3),
(39830, 1, 4, 40, 40, 0),
(39831, 1, 5, 22, 20, 1),
(39832, 1, 1, 27, 15, 3),
(39833, 1, 2, 23, 19, 1),
(39834, 1, 3, 27, 9, 3),
(39835, 1, 4, 40, 40, 0),
(39836, 1, 5, 22, 20, 1),
(39837, 1, 1, 27, 15, 3),
(39838, 1, 2, 23, 19, 1),
(39839, 1, 3, 27, 9, 3),
(39840, 1, 4, 40, 40, 0),
(39841, 1, 5, 22, 20, 1),
(39842, 1, 1, 27, 15, 3),
(39843, 1, 2, 23, 19, 1),
(39844, 1, 3, 27, 9, 3),
(39845, 1, 4, 40, 40, 0),
(39846, 1, 5, 22, 20, 1),
(39847, 1, 1, 27, 15, 3),
(39848, 1, 2, 23, 19, 1),
(39849, 1, 3, 27, 9, 3),
(39850, 1, 4, 40, 40, 0),
(39851, 1, 5, 22, 20, 1),
(39852, 1, 1, 27, 15, 3),
(39853, 1, 2, 23, 19, 1),
(39854, 1, 3, 27, 9, 3),
(39855, 1, 4, 40, 40, 0),
(39856, 1, 5, 22, 20, 1),
(39857, 1, 1, 27, 15, 3),
(39858, 1, 2, 23, 19, 1),
(39859, 1, 3, 27, 9, 3),
(39860, 1, 4, 40, 40, 0),
(39861, 1, 5, 22, 20, 1),
(39862, 1, 1, 27, 15, 3),
(39863, 1, 2, 23, 19, 1),
(39864, 1, 3, 27, 9, 3),
(39865, 1, 4, 40, 40, 0),
(39866, 1, 5, 22, 20, 1),
(39867, 1, 1, 27, 15, 3),
(39868, 1, 2, 23, 19, 1),
(39869, 1, 3, 27, 9, 3),
(39870, 1, 4, 40, 40, 0),
(39871, 1, 5, 22, 20, 1),
(39872, 1, 1, 27, 15, 3),
(39873, 1, 2, 23, 19, 1),
(39874, 1, 3, 27, 9, 3),
(39875, 1, 4, 40, 40, 0),
(39876, 1, 5, 22, 20, 1),
(39877, 1, 1, 27, 15, 3),
(39878, 1, 2, 23, 19, 1),
(39879, 1, 3, 27, 9, 3),
(39880, 1, 4, 40, 40, 0),
(39881, 1, 5, 22, 20, 1),
(39882, 1, 1, 27, 15, 3),
(39883, 1, 2, 23, 19, 1),
(39884, 1, 3, 27, 9, 3),
(39885, 1, 4, 40, 40, 0),
(39886, 1, 5, 22, 20, 1),
(39887, 1, 1, 27, 15, 3),
(39888, 1, 2, 23, 19, 1),
(39889, 1, 3, 27, 9, 3),
(39890, 1, 4, 40, 40, 0),
(39891, 1, 5, 22, 20, 1),
(39892, 1, 1, 27, 15, 3),
(39893, 1, 2, 23, 19, 1),
(39894, 1, 3, 27, 9, 3),
(39895, 1, 4, 40, 40, 0),
(39896, 1, 5, 22, 20, 1),
(39897, 1, 1, 27, 15, 3),
(39898, 1, 2, 23, 19, 1),
(39899, 1, 3, 27, 9, 3),
(39900, 1, 4, 40, 40, 0),
(39901, 1, 5, 22, 20, 1),
(39902, 1, 1, 27, 15, 3),
(39903, 1, 2, 23, 19, 1),
(39904, 1, 3, 27, 9, 3),
(39905, 1, 4, 40, 40, 0),
(39906, 1, 5, 22, 20, 1),
(39907, 1, 1, 27, 15, 3),
(39908, 1, 2, 23, 19, 1),
(39909, 1, 3, 27, 9, 3),
(39910, 1, 4, 40, 40, 0),
(39911, 1, 5, 22, 20, 1),
(39912, 1, 1, 27, 15, 3),
(39913, 1, 2, 23, 19, 1),
(39914, 1, 3, 27, 9, 3),
(39915, 1, 4, 40, 40, 0),
(39916, 1, 5, 22, 20, 1),
(39917, 1, 1, 27, 15, 3),
(39918, 1, 2, 23, 19, 1),
(39919, 1, 3, 27, 9, 3),
(39920, 1, 4, 40, 40, 0),
(39921, 1, 5, 22, 20, 1),
(39922, 1, 1, 27, 15, 3),
(39923, 1, 2, 23, 19, 1),
(39924, 1, 3, 27, 9, 3),
(39925, 1, 4, 40, 40, 0),
(39926, 1, 5, 22, 20, 1),
(39927, 1, 1, 27, 15, 3),
(39928, 1, 2, 23, 19, 1),
(39929, 1, 3, 27, 9, 3),
(39930, 1, 4, 40, 40, 0),
(39931, 1, 5, 22, 20, 1),
(39932, 1, 1, 27, 15, 3),
(39933, 1, 2, 23, 19, 1),
(39934, 1, 3, 27, 9, 3),
(39935, 1, 4, 40, 40, 0),
(39936, 1, 5, 22, 20, 1),
(39937, 1, 1, 27, 15, 3),
(39938, 1, 2, 23, 19, 1),
(39939, 1, 3, 27, 9, 3),
(39940, 1, 4, 40, 40, 0),
(39941, 1, 5, 22, 20, 1),
(39942, 1, 1, 27, 15, 3),
(39943, 1, 2, 23, 19, 1),
(39944, 1, 3, 27, 9, 3),
(39945, 1, 4, 40, 40, 0),
(39946, 1, 5, 22, 20, 1),
(39947, 1, 1, 27, 15, 3),
(39948, 1, 2, 23, 19, 1),
(39949, 1, 3, 27, 9, 3),
(39950, 1, 4, 40, 40, 0),
(39951, 1, 5, 22, 20, 1),
(39952, 1, 1, 27, 15, 3),
(39953, 1, 2, 23, 19, 1),
(39954, 1, 3, 27, 9, 3),
(39955, 1, 4, 40, 40, 0),
(39956, 1, 5, 22, 20, 1),
(39957, 1, 1, 27, 15, 3),
(39958, 1, 2, 23, 19, 1),
(39959, 1, 3, 27, 9, 3),
(39960, 1, 4, 40, 40, 0),
(39961, 1, 5, 22, 20, 1),
(39962, 1, 1, 27, 15, 3),
(39963, 1, 2, 23, 19, 1),
(39964, 1, 3, 27, 9, 3),
(39965, 1, 4, 40, 40, 0),
(39966, 1, 5, 22, 20, 1),
(39967, 1, 1, 27, 15, 3),
(39968, 1, 2, 23, 19, 1),
(39969, 1, 3, 27, 9, 3),
(39970, 1, 4, 40, 40, 0),
(39971, 1, 5, 22, 20, 1),
(39972, 1, 1, 27, 15, 3),
(39973, 1, 2, 23, 19, 1),
(39974, 1, 3, 27, 9, 3),
(39975, 1, 4, 40, 40, 0),
(39976, 1, 5, 22, 20, 1),
(39977, 1, 1, 27, 15, 3),
(39978, 1, 2, 23, 19, 1),
(39979, 1, 3, 27, 9, 3),
(39980, 1, 4, 40, 40, 0),
(39981, 1, 5, 22, 20, 1),
(39982, 1, 1, 27, 15, 3),
(39983, 1, 2, 23, 19, 1),
(39984, 1, 3, 27, 9, 3),
(39985, 1, 4, 40, 40, 0),
(39986, 1, 5, 22, 20, 1),
(39987, 1, 1, 27, 15, 3),
(39988, 1, 2, 23, 19, 1),
(39989, 1, 3, 27, 9, 3),
(39990, 1, 4, 40, 40, 0),
(39991, 1, 5, 22, 20, 1),
(39992, 1, 1, 27, 15, 3),
(39993, 1, 2, 23, 19, 1),
(39994, 1, 3, 27, 9, 3),
(39995, 1, 4, 40, 40, 0),
(39996, 1, 5, 22, 20, 1),
(39997, 1, 1, 27, 15, 3),
(39998, 1, 2, 23, 19, 1),
(39999, 1, 3, 27, 9, 3),
(40000, 1, 4, 40, 40, 0),
(40001, 1, 5, 22, 20, 1),
(40002, 1, 1, 27, 15, 3),
(40003, 1, 2, 23, 19, 1),
(40004, 1, 3, 27, 9, 3),
(40005, 1, 4, 40, 40, 0),
(40006, 1, 5, 22, 20, 1),
(40007, 1, 1, 27, 15, 3),
(40008, 1, 2, 23, 19, 1),
(40009, 1, 3, 27, 9, 3),
(40010, 1, 4, 40, 40, 0),
(40011, 1, 5, 22, 20, 1),
(40012, 1, 1, 27, 15, 3),
(40013, 1, 2, 23, 19, 1),
(40014, 1, 3, 27, 9, 3),
(40015, 1, 4, 40, 40, 0),
(40016, 1, 5, 22, 20, 1),
(40017, 1, 1, 27, 15, 3),
(40018, 1, 2, 23, 19, 1),
(40019, 1, 3, 27, 9, 3),
(40020, 1, 4, 40, 40, 0),
(40021, 1, 5, 22, 20, 1),
(40022, 1, 1, 27, 15, 3),
(40023, 1, 2, 23, 19, 1),
(40024, 1, 3, 27, 9, 3),
(40025, 1, 4, 40, 40, 0),
(40026, 1, 5, 22, 20, 1),
(40027, 1, 1, 27, 15, 3),
(40028, 1, 2, 23, 19, 1),
(40029, 1, 3, 27, 9, 3),
(40030, 1, 4, 40, 40, 0),
(40031, 1, 5, 22, 20, 1),
(40032, 1, 1, 27, 15, 3),
(40033, 1, 2, 23, 19, 1),
(40034, 1, 3, 27, 9, 3),
(40035, 1, 4, 40, 40, 0),
(40036, 1, 5, 22, 20, 1),
(40037, 1, 1, 27, 15, 3),
(40038, 1, 2, 23, 19, 1),
(40039, 1, 3, 27, 9, 3),
(40040, 1, 4, 40, 40, 0),
(40041, 1, 5, 22, 20, 1),
(40042, 1, 1, 27, 15, 3),
(40043, 1, 2, 23, 19, 1),
(40044, 1, 3, 27, 9, 3),
(40045, 1, 4, 40, 40, 0),
(40046, 1, 5, 22, 20, 1),
(40047, 1, 1, 27, 15, 3),
(40048, 1, 2, 23, 19, 1),
(40049, 1, 3, 27, 9, 3),
(40050, 1, 4, 40, 40, 0),
(40051, 1, 5, 22, 20, 1),
(40052, 1, 1, 27, 15, 3),
(40053, 1, 2, 23, 19, 1),
(40054, 1, 3, 27, 9, 3),
(40055, 1, 4, 40, 40, 0),
(40056, 1, 5, 22, 20, 1),
(40057, 1, 1, 27, 15, 3),
(40058, 1, 2, 23, 19, 1),
(40059, 1, 3, 27, 9, 3),
(40060, 1, 4, 40, 40, 0),
(40061, 1, 5, 22, 20, 1),
(40062, 1, 1, 27, 15, 3),
(40063, 1, 2, 23, 19, 1),
(40064, 1, 3, 27, 9, 3),
(40065, 1, 4, 40, 40, 0),
(40066, 1, 5, 22, 20, 1),
(40067, 1, 1, 27, 15, 3),
(40068, 1, 2, 23, 19, 1),
(40069, 1, 3, 27, 9, 3),
(40070, 1, 4, 40, 40, 0),
(40071, 1, 5, 22, 20, 1),
(40072, 1, 1, 27, 15, 3),
(40073, 1, 2, 23, 19, 1),
(40074, 1, 3, 27, 9, 3),
(40075, 1, 4, 40, 40, 0),
(40076, 1, 5, 22, 20, 1),
(40077, 1, 1, 27, 15, 3),
(40078, 1, 2, 23, 19, 1),
(40079, 1, 3, 27, 9, 3),
(40080, 1, 4, 40, 40, 0),
(40081, 1, 5, 22, 20, 1),
(40082, 1, 1, 27, 15, 3),
(40083, 1, 2, 23, 19, 1),
(40084, 1, 3, 27, 9, 3),
(40085, 1, 4, 40, 40, 0),
(40086, 1, 5, 22, 20, 1),
(40087, 1, 1, 27, 15, 3),
(40088, 1, 2, 23, 19, 1),
(40089, 1, 3, 27, 9, 3),
(40090, 1, 4, 40, 40, 0),
(40091, 1, 5, 22, 20, 1),
(40092, 1, 1, 27, 15, 3),
(40093, 1, 2, 23, 19, 1),
(40094, 1, 3, 27, 9, 3),
(40095, 1, 4, 40, 40, 0),
(40096, 1, 5, 22, 20, 1),
(40097, 1, 1, 27, 15, 3),
(40098, 1, 2, 23, 19, 1),
(40099, 1, 3, 27, 9, 3),
(40100, 1, 4, 40, 40, 0),
(40101, 1, 5, 22, 20, 1),
(40102, 1, 1, 27, 15, 3),
(40103, 1, 2, 23, 19, 1),
(40104, 1, 3, 27, 9, 3),
(40105, 1, 4, 40, 40, 0),
(40106, 1, 5, 22, 20, 1),
(40107, 1, 1, 27, 15, 3),
(40108, 1, 2, 23, 19, 1),
(40109, 1, 3, 27, 9, 3),
(40110, 1, 4, 40, 40, 0),
(40111, 1, 5, 22, 20, 1),
(40112, 1, 1, 27, 15, 3),
(40113, 1, 2, 23, 19, 1),
(40114, 1, 3, 27, 9, 3),
(40115, 1, 4, 40, 40, 0),
(40116, 1, 5, 22, 20, 1),
(40117, 1, 1, 27, 15, 3),
(40118, 1, 2, 23, 19, 1),
(40119, 1, 3, 27, 9, 3),
(40120, 1, 4, 40, 40, 0),
(40121, 1, 5, 22, 20, 1),
(40122, 1, 1, 27, 15, 3),
(40123, 1, 2, 23, 19, 1),
(40124, 1, 3, 27, 9, 3),
(40125, 1, 4, 40, 40, 0),
(40126, 1, 5, 22, 20, 1),
(40127, 1, 1, 27, 15, 3),
(40128, 1, 2, 23, 19, 1),
(40129, 1, 3, 27, 9, 3),
(40130, 1, 4, 40, 40, 0),
(40131, 1, 5, 22, 20, 1),
(40132, 1, 1, 27, 15, 3),
(40133, 1, 2, 23, 19, 1),
(40134, 1, 3, 27, 9, 3),
(40135, 1, 4, 40, 40, 0),
(40136, 1, 5, 22, 20, 1),
(40137, 1, 1, 27, 15, 3),
(40138, 1, 2, 23, 19, 1),
(40139, 1, 3, 27, 9, 3),
(40140, 1, 4, 40, 40, 0),
(40141, 1, 5, 22, 20, 1),
(40142, 1, 1, 27, 15, 3),
(40143, 1, 2, 23, 19, 1),
(40144, 1, 3, 27, 9, 3),
(40145, 1, 4, 40, 40, 0),
(40146, 1, 5, 22, 20, 1),
(40147, 1, 1, 27, 15, 3),
(40148, 1, 2, 23, 19, 1),
(40149, 1, 3, 27, 9, 3),
(40150, 1, 4, 40, 40, 0),
(40151, 1, 5, 22, 20, 1),
(40152, 1, 1, 27, 15, 3),
(40153, 1, 2, 23, 19, 1),
(40154, 1, 3, 27, 9, 3),
(40155, 1, 4, 40, 40, 0),
(40156, 1, 5, 22, 20, 1),
(40157, 1, 1, 27, 15, 3),
(40158, 1, 2, 23, 19, 1),
(40159, 1, 3, 27, 9, 3),
(40160, 1, 4, 40, 40, 0),
(40161, 1, 5, 22, 20, 1),
(40162, 1, 1, 27, 15, 3),
(40163, 1, 2, 23, 19, 1),
(40164, 1, 3, 27, 9, 3),
(40165, 1, 4, 40, 40, 0),
(40166, 1, 5, 22, 20, 1),
(40167, 1, 1, 27, 15, 3),
(40168, 1, 2, 23, 19, 1),
(40169, 1, 3, 27, 9, 3),
(40170, 1, 4, 40, 40, 0),
(40171, 1, 5, 22, 20, 1),
(40172, 1, 1, 27, 15, 3),
(40173, 1, 2, 23, 19, 1),
(40174, 1, 3, 27, 9, 3),
(40175, 1, 4, 40, 40, 0),
(40176, 1, 5, 22, 20, 1),
(40177, 1, 1, 27, 15, 3),
(40178, 1, 2, 23, 19, 1),
(40179, 1, 3, 27, 9, 3),
(40180, 1, 4, 40, 40, 0),
(40181, 1, 5, 22, 20, 1),
(40182, 1, 1, 27, 15, 3),
(40183, 1, 2, 23, 19, 1),
(40184, 1, 3, 27, 9, 3),
(40185, 1, 4, 40, 40, 0),
(40186, 1, 5, 22, 20, 1),
(40187, 1, 1, 27, 15, 3),
(40188, 1, 2, 23, 19, 1),
(40189, 1, 3, 27, 9, 3),
(40190, 1, 4, 40, 40, 0),
(40191, 1, 5, 22, 20, 1),
(40192, 1, 1, 27, 15, 3),
(40193, 1, 2, 23, 19, 1),
(40194, 1, 3, 27, 9, 3),
(40195, 1, 4, 40, 40, 0),
(40196, 1, 5, 22, 20, 1),
(40197, 1, 1, 27, 15, 3),
(40198, 1, 2, 23, 19, 1),
(40199, 1, 3, 27, 9, 3),
(40200, 1, 4, 40, 40, 0),
(40201, 1, 5, 22, 20, 1),
(40202, 1, 1, 27, 15, 3),
(40203, 1, 2, 23, 19, 1),
(40204, 1, 3, 27, 9, 3),
(40205, 1, 4, 40, 40, 0),
(40206, 1, 5, 22, 20, 1),
(40207, 1, 1, 27, 15, 3),
(40208, 1, 2, 23, 19, 1),
(40209, 1, 3, 27, 9, 3),
(40210, 1, 4, 40, 40, 0),
(40211, 1, 5, 22, 20, 1),
(40212, 1, 1, 27, 15, 3),
(40213, 1, 2, 23, 19, 1),
(40214, 1, 3, 27, 9, 3),
(40215, 1, 4, 40, 40, 0),
(40216, 1, 5, 22, 20, 1),
(40217, 1, 1, 27, 15, 3),
(40218, 1, 2, 23, 19, 1),
(40219, 1, 3, 27, 9, 3),
(40220, 1, 4, 40, 40, 0),
(40221, 1, 5, 22, 20, 1),
(40222, 1, 1, 27, 15, 3),
(40223, 1, 2, 23, 19, 1),
(40224, 1, 3, 27, 9, 3),
(40225, 1, 4, 40, 40, 0),
(40226, 1, 5, 22, 20, 1),
(40227, 1, 1, 27, 15, 3),
(40228, 1, 2, 23, 19, 1),
(40229, 1, 3, 27, 9, 3),
(40230, 1, 4, 40, 40, 0),
(40231, 1, 5, 22, 20, 1),
(40232, 1, 1, 27, 15, 3),
(40233, 1, 2, 23, 19, 1),
(40234, 1, 3, 27, 9, 3),
(40235, 1, 4, 40, 40, 0),
(40236, 1, 5, 22, 20, 1),
(40237, 1, 1, 27, 15, 3),
(40238, 1, 2, 23, 19, 1),
(40239, 1, 3, 27, 9, 3),
(40240, 1, 4, 40, 40, 0),
(40241, 1, 5, 22, 20, 1),
(40242, 1, 1, 27, 15, 3),
(40243, 1, 2, 23, 19, 1),
(40244, 1, 3, 27, 9, 3),
(40245, 1, 4, 40, 40, 0),
(40246, 1, 5, 22, 20, 1),
(40247, 1, 1, 27, 15, 3),
(40248, 1, 2, 23, 19, 1),
(40249, 1, 3, 27, 9, 3),
(40250, 1, 4, 40, 40, 0),
(40251, 1, 5, 22, 20, 1),
(40252, 1, 1, 27, 15, 3),
(40253, 1, 2, 23, 19, 1),
(40254, 1, 3, 27, 9, 3),
(40255, 1, 4, 40, 40, 0),
(40256, 1, 5, 22, 20, 1),
(40257, 1, 1, 27, 15, 3),
(40258, 1, 2, 23, 19, 1),
(40259, 1, 3, 27, 9, 3),
(40260, 1, 4, 40, 40, 0),
(40261, 1, 5, 22, 20, 1),
(40262, 1, 1, 27, 15, 3),
(40263, 1, 2, 23, 19, 1),
(40264, 1, 3, 27, 9, 3),
(40265, 1, 4, 40, 40, 0),
(40266, 1, 5, 22, 20, 1),
(40267, 1, 1, 27, 15, 3),
(40268, 1, 2, 23, 19, 1),
(40269, 1, 3, 27, 9, 3),
(40270, 1, 4, 40, 40, 0),
(40271, 1, 5, 22, 20, 1),
(40272, 1, 1, 27, 15, 3),
(40273, 1, 2, 23, 19, 1),
(40274, 1, 3, 27, 9, 3),
(40275, 1, 4, 40, 40, 0),
(40276, 1, 5, 22, 20, 1),
(40277, 1, 1, 27, 15, 3),
(40278, 1, 2, 23, 19, 1),
(40279, 1, 3, 27, 9, 3),
(40280, 1, 4, 40, 40, 0),
(40281, 1, 5, 22, 20, 1),
(40282, 1, 1, 27, 15, 3),
(40283, 1, 2, 23, 19, 1),
(40284, 1, 3, 27, 9, 3),
(40285, 1, 4, 40, 40, 0),
(40286, 1, 5, 22, 20, 1),
(40287, 1, 1, 27, 15, 3),
(40288, 1, 2, 23, 19, 1),
(40289, 1, 3, 27, 9, 3),
(40290, 1, 4, 40, 40, 0),
(40291, 1, 5, 22, 20, 1),
(40292, 1, 1, 27, 15, 3),
(40293, 1, 2, 23, 19, 1),
(40294, 1, 3, 27, 9, 3),
(40295, 1, 4, 40, 40, 0),
(40296, 1, 5, 22, 20, 1),
(40297, 1, 1, 27, 15, 3),
(40298, 1, 2, 23, 19, 1),
(40299, 1, 3, 27, 9, 3),
(40300, 1, 4, 40, 40, 0),
(40301, 1, 5, 22, 20, 1),
(40302, 1, 1, 27, 15, 3),
(40303, 1, 2, 23, 19, 1),
(40304, 1, 3, 27, 9, 3),
(40305, 1, 4, 40, 40, 0),
(40306, 1, 5, 22, 20, 1),
(40307, 1, 1, 27, 15, 3),
(40308, 1, 2, 23, 19, 1),
(40309, 1, 3, 27, 9, 3),
(40310, 1, 4, 40, 40, 0),
(40311, 1, 5, 22, 20, 1),
(40312, 1, 1, 27, 15, 3),
(40313, 1, 2, 23, 19, 1),
(40314, 1, 3, 27, 9, 3),
(40315, 1, 4, 40, 40, 0),
(40316, 1, 5, 22, 20, 1),
(40317, 1, 1, 27, 15, 3),
(40318, 1, 2, 23, 19, 1),
(40319, 1, 3, 27, 9, 3),
(40320, 1, 4, 40, 40, 0),
(40321, 1, 5, 22, 20, 1),
(40322, 1, 1, 27, 15, 3),
(40323, 1, 2, 23, 19, 1),
(40324, 1, 3, 27, 9, 3),
(40325, 1, 4, 40, 40, 0),
(40326, 1, 5, 22, 20, 1),
(40327, 1, 1, 27, 15, 3),
(40328, 1, 2, 23, 19, 1),
(40329, 1, 3, 27, 9, 3),
(40330, 1, 4, 40, 40, 0),
(40331, 1, 5, 22, 20, 1),
(40332, 1, 1, 27, 15, 3),
(40333, 1, 2, 23, 19, 1),
(40334, 1, 3, 27, 9, 3),
(40335, 1, 4, 40, 40, 0),
(40336, 1, 5, 22, 20, 1),
(40337, 1, 1, 27, 15, 3),
(40338, 1, 2, 23, 19, 1),
(40339, 1, 3, 27, 9, 3),
(40340, 1, 4, 40, 40, 0),
(40341, 1, 5, 22, 20, 1),
(40342, 1, 1, 27, 15, 3),
(40343, 1, 2, 23, 19, 1),
(40344, 1, 3, 27, 9, 3),
(40345, 1, 4, 40, 40, 0),
(40346, 1, 5, 22, 20, 1),
(40347, 1, 1, 27, 15, 3),
(40348, 1, 2, 23, 19, 1),
(40349, 1, 3, 27, 9, 3),
(40350, 1, 4, 40, 40, 0),
(40351, 1, 5, 22, 20, 1),
(40352, 1, 1, 27, 15, 3),
(40353, 1, 2, 23, 19, 1),
(40354, 1, 3, 27, 9, 3),
(40355, 1, 4, 40, 40, 0),
(40356, 1, 5, 22, 20, 1),
(40357, 1, 1, 27, 15, 3),
(40358, 1, 2, 23, 19, 1),
(40359, 1, 3, 27, 9, 3),
(40360, 1, 4, 40, 40, 0),
(40361, 1, 5, 22, 20, 1),
(40362, 1, 1, 27, 15, 3),
(40363, 1, 2, 23, 19, 1),
(40364, 1, 3, 27, 9, 3),
(40365, 1, 4, 40, 40, 0),
(40366, 1, 5, 22, 20, 1),
(40367, 1, 1, 27, 15, 3),
(40368, 1, 2, 23, 19, 1),
(40369, 1, 3, 27, 9, 3),
(40370, 1, 4, 40, 40, 0),
(40371, 1, 5, 22, 20, 1),
(40372, 1, 1, 27, 15, 3),
(40373, 1, 2, 23, 19, 1),
(40374, 1, 3, 27, 9, 3),
(40375, 1, 4, 40, 40, 0),
(40376, 1, 5, 22, 20, 1),
(40377, 1, 1, 27, 15, 3),
(40378, 1, 2, 23, 19, 1),
(40379, 1, 3, 27, 9, 3),
(40380, 1, 4, 40, 40, 0),
(40381, 1, 5, 22, 20, 1),
(40382, 1, 1, 27, 15, 3),
(40383, 1, 2, 23, 19, 1),
(40384, 1, 3, 27, 9, 3),
(40385, 1, 4, 40, 40, 0),
(40386, 1, 5, 22, 20, 1),
(40387, 1, 1, 27, 15, 3),
(40388, 1, 2, 23, 19, 1),
(40389, 1, 3, 27, 9, 3),
(40390, 1, 4, 40, 40, 0),
(40391, 1, 5, 22, 20, 1),
(40392, 1, 1, 27, 15, 3),
(40393, 1, 2, 23, 19, 1),
(40394, 1, 3, 27, 9, 3),
(40395, 1, 4, 40, 40, 0),
(40396, 1, 5, 22, 20, 1),
(40397, 1, 1, 27, 15, 3),
(40398, 1, 2, 23, 19, 1),
(40399, 1, 3, 27, 9, 3),
(40400, 1, 4, 40, 40, 0),
(40401, 1, 5, 22, 20, 1),
(40402, 1, 1, 27, 15, 3),
(40403, 1, 2, 23, 19, 1),
(40404, 1, 3, 27, 9, 3),
(40405, 1, 4, 40, 40, 0),
(40406, 1, 5, 22, 20, 1),
(40407, 1, 1, 27, 15, 3),
(40408, 1, 2, 23, 19, 1),
(40409, 1, 3, 27, 9, 3),
(40410, 1, 4, 40, 40, 0),
(40411, 1, 5, 22, 20, 1),
(40412, 1, 1, 27, 15, 3),
(40413, 1, 2, 23, 19, 1),
(40414, 1, 3, 27, 9, 3),
(40415, 1, 4, 40, 40, 0),
(40416, 1, 5, 22, 20, 1),
(40417, 1, 1, 27, 15, 3),
(40418, 1, 2, 23, 19, 1),
(40419, 1, 3, 27, 9, 3),
(40420, 1, 4, 40, 40, 0),
(40421, 1, 5, 22, 20, 1),
(40422, 1, 1, 27, 15, 3),
(40423, 1, 2, 23, 19, 1),
(40424, 1, 3, 27, 9, 3),
(40425, 1, 4, 40, 40, 0),
(40426, 1, 5, 22, 20, 1),
(40427, 1, 1, 27, 15, 3),
(40428, 1, 2, 23, 19, 1),
(40429, 1, 3, 27, 9, 3),
(40430, 1, 4, 40, 40, 0),
(40431, 1, 5, 22, 20, 1),
(40432, 1, 1, 27, 15, 3),
(40433, 1, 2, 23, 19, 1),
(40434, 1, 3, 27, 9, 3),
(40435, 1, 4, 40, 40, 0),
(40436, 1, 5, 22, 20, 1),
(40437, 1, 1, 27, 15, 3),
(40438, 1, 2, 23, 19, 1),
(40439, 1, 3, 27, 9, 3),
(40440, 1, 4, 40, 40, 0),
(40441, 1, 5, 22, 20, 1),
(40442, 1, 1, 27, 15, 3),
(40443, 1, 2, 23, 19, 1),
(40444, 1, 3, 27, 9, 3),
(40445, 1, 4, 40, 40, 0),
(40446, 1, 5, 22, 20, 1),
(40447, 1, 1, 27, 15, 3),
(40448, 1, 2, 23, 19, 1),
(40449, 1, 3, 27, 9, 3),
(40450, 1, 4, 40, 40, 0),
(40451, 1, 5, 22, 20, 1),
(40452, 1, 1, 27, 15, 3),
(40453, 1, 2, 23, 19, 1),
(40454, 1, 3, 27, 9, 3),
(40455, 1, 4, 40, 40, 0),
(40456, 1, 5, 22, 20, 1),
(40457, 1, 1, 27, 15, 3),
(40458, 1, 2, 23, 19, 1),
(40459, 1, 3, 27, 9, 3),
(40460, 1, 4, 40, 40, 0),
(40461, 1, 5, 22, 20, 1),
(40462, 1, 1, 27, 15, 3),
(40463, 1, 2, 23, 19, 1),
(40464, 1, 3, 27, 9, 3),
(40465, 1, 4, 40, 40, 0),
(40466, 1, 5, 22, 20, 1),
(40467, 1, 1, 27, 15, 3),
(40468, 1, 2, 23, 19, 1),
(40469, 1, 3, 27, 9, 3),
(40470, 1, 4, 40, 40, 0),
(40471, 1, 5, 22, 20, 1),
(40472, 1, 1, 27, 15, 3),
(40473, 1, 2, 23, 19, 1),
(40474, 1, 3, 27, 9, 3),
(40475, 1, 4, 40, 40, 0),
(40476, 1, 5, 22, 20, 1),
(40477, 1, 1, 27, 15, 3),
(40478, 1, 2, 23, 19, 1),
(40479, 1, 3, 27, 9, 3),
(40480, 1, 4, 40, 40, 0),
(40481, 1, 5, 22, 20, 1),
(40482, 1, 1, 27, 15, 3),
(40483, 1, 2, 23, 19, 1),
(40484, 1, 3, 27, 9, 3),
(40485, 1, 4, 40, 40, 0),
(40486, 1, 5, 22, 20, 1),
(40487, 1, 1, 27, 15, 3),
(40488, 1, 2, 23, 19, 1),
(40489, 1, 3, 27, 9, 3),
(40490, 1, 4, 40, 40, 0),
(40491, 1, 5, 22, 20, 1),
(40492, 1, 1, 27, 15, 3),
(40493, 1, 2, 23, 19, 1),
(40494, 1, 3, 27, 9, 3),
(40495, 1, 4, 40, 40, 0),
(40496, 1, 5, 22, 20, 1),
(40497, 1, 1, 27, 15, 3),
(40498, 1, 2, 23, 19, 1),
(40499, 1, 3, 27, 9, 3),
(40500, 1, 4, 40, 40, 0),
(40501, 1, 5, 22, 20, 1),
(40502, 1, 1, 27, 15, 3),
(40503, 1, 2, 23, 19, 1),
(40504, 1, 3, 27, 9, 3),
(40505, 1, 4, 40, 40, 0),
(40506, 1, 5, 22, 20, 1),
(40507, 1, 1, 27, 15, 3),
(40508, 1, 2, 23, 19, 1),
(40509, 1, 3, 27, 9, 3),
(40510, 1, 4, 40, 40, 0),
(40511, 1, 5, 22, 20, 1),
(40512, 1, 1, 27, 15, 3),
(40513, 1, 2, 23, 19, 1),
(40514, 1, 3, 27, 9, 3),
(40515, 1, 4, 40, 40, 0),
(40516, 1, 5, 22, 20, 1),
(40517, 1, 1, 27, 15, 3),
(40518, 1, 2, 23, 19, 1),
(40519, 1, 3, 27, 9, 3),
(40520, 1, 4, 40, 40, 0),
(40521, 1, 5, 22, 20, 1),
(40522, 1, 1, 27, 15, 3),
(40523, 1, 2, 23, 19, 1),
(40524, 1, 3, 27, 9, 3),
(40525, 1, 4, 40, 40, 0),
(40526, 1, 5, 22, 20, 1),
(40527, 1, 1, 27, 15, 3),
(40528, 1, 2, 23, 19, 1),
(40529, 1, 3, 27, 9, 3),
(40530, 1, 4, 40, 40, 0),
(40531, 1, 5, 22, 20, 1),
(40532, 1, 1, 27, 15, 3),
(40533, 1, 2, 23, 19, 1),
(40534, 1, 3, 27, 9, 3),
(40535, 1, 4, 40, 40, 0),
(40536, 1, 5, 22, 20, 1),
(40537, 1, 1, 27, 15, 3),
(40538, 1, 2, 23, 19, 1),
(40539, 1, 3, 27, 9, 3),
(40540, 1, 4, 40, 40, 0),
(40541, 1, 5, 22, 20, 1),
(40542, 1, 1, 27, 15, 3),
(40543, 1, 2, 23, 19, 1),
(40544, 1, 3, 27, 9, 3),
(40545, 1, 4, 40, 40, 0),
(40546, 1, 5, 22, 20, 1),
(40547, 1, 1, 27, 15, 3),
(40548, 1, 2, 23, 19, 1),
(40549, 1, 3, 27, 9, 3),
(40550, 1, 4, 40, 40, 0),
(40551, 1, 5, 22, 20, 1),
(40552, 1, 1, 27, 15, 3),
(40553, 1, 2, 23, 19, 1),
(40554, 1, 3, 27, 9, 3),
(40555, 1, 4, 40, 40, 0),
(40556, 1, 5, 22, 20, 1),
(40557, 1, 1, 27, 15, 3),
(40558, 1, 2, 23, 19, 1),
(40559, 1, 3, 27, 9, 3),
(40560, 1, 4, 40, 40, 0),
(40561, 1, 5, 22, 20, 1),
(40562, 1, 1, 27, 15, 3),
(40563, 1, 2, 23, 19, 1),
(40564, 1, 3, 27, 9, 3),
(40565, 1, 4, 40, 40, 0),
(40566, 1, 5, 22, 20, 1),
(40567, 1, 1, 27, 15, 3),
(40568, 1, 2, 23, 19, 1),
(40569, 1, 3, 27, 9, 3),
(40570, 1, 4, 40, 40, 0),
(40571, 1, 5, 22, 20, 1),
(40572, 1, 1, 27, 15, 3),
(40573, 1, 2, 23, 19, 1),
(40574, 1, 3, 27, 9, 3),
(40575, 1, 4, 40, 40, 0),
(40576, 1, 5, 22, 20, 1),
(40577, 1, 1, 27, 15, 3),
(40578, 1, 2, 23, 19, 1),
(40579, 1, 3, 27, 9, 3),
(40580, 1, 4, 40, 40, 0),
(40581, 1, 5, 22, 20, 1),
(40582, 1, 1, 27, 15, 3),
(40583, 1, 2, 23, 19, 1),
(40584, 1, 3, 27, 9, 3),
(40585, 1, 4, 40, 40, 0),
(40586, 1, 5, 22, 20, 1),
(40587, 1, 1, 27, 15, 3),
(40588, 1, 2, 23, 19, 1),
(40589, 1, 3, 27, 9, 3),
(40590, 1, 4, 40, 40, 0),
(40591, 1, 5, 22, 20, 1),
(40592, 1, 1, 27, 15, 3),
(40593, 1, 2, 23, 19, 1),
(40594, 1, 3, 27, 9, 3),
(40595, 1, 4, 40, 40, 0),
(40596, 1, 5, 22, 20, 1),
(40597, 1, 1, 27, 15, 3),
(40598, 1, 2, 23, 19, 1),
(40599, 1, 3, 27, 9, 3),
(40600, 1, 4, 40, 40, 0),
(40601, 1, 5, 22, 20, 1),
(40602, 1, 1, 27, 15, 3),
(40603, 1, 2, 23, 19, 1),
(40604, 1, 3, 27, 9, 3),
(40605, 1, 4, 40, 40, 0),
(40606, 1, 5, 22, 20, 1),
(40607, 1, 1, 27, 15, 3),
(40608, 1, 2, 23, 19, 1),
(40609, 1, 3, 27, 9, 3),
(40610, 1, 4, 40, 40, 0),
(40611, 1, 5, 22, 20, 1),
(40612, 1, 1, 27, 15, 3),
(40613, 1, 2, 23, 19, 1),
(40614, 1, 3, 27, 9, 3),
(40615, 1, 4, 40, 40, 0),
(40616, 1, 5, 22, 20, 1),
(40617, 1, 1, 27, 15, 3),
(40618, 1, 2, 23, 19, 1),
(40619, 1, 3, 27, 9, 3),
(40620, 1, 4, 40, 40, 0),
(40621, 1, 5, 22, 20, 1),
(40622, 1, 1, 27, 15, 3),
(40623, 1, 2, 23, 19, 1),
(40624, 1, 3, 27, 9, 3),
(40625, 1, 4, 40, 40, 0),
(40626, 1, 5, 22, 20, 1),
(40627, 1, 1, 27, 15, 3),
(40628, 1, 2, 23, 19, 1),
(40629, 1, 3, 27, 9, 3),
(40630, 1, 4, 40, 40, 0),
(40631, 1, 5, 22, 20, 1),
(40632, 1, 1, 27, 15, 3),
(40633, 1, 2, 23, 19, 1),
(40634, 1, 3, 27, 9, 3),
(40635, 1, 4, 40, 40, 0),
(40636, 1, 5, 22, 20, 1),
(40637, 1, 1, 27, 15, 3),
(40638, 1, 2, 23, 19, 1),
(40639, 1, 3, 27, 9, 3),
(40640, 1, 4, 40, 40, 0),
(40641, 1, 5, 22, 20, 1),
(40642, 1, 1, 27, 15, 3),
(40643, 1, 2, 23, 19, 1),
(40644, 1, 3, 27, 9, 3),
(40645, 1, 4, 40, 40, 0),
(40646, 1, 5, 22, 20, 1),
(40647, 1, 1, 27, 15, 3),
(40648, 1, 2, 23, 19, 1),
(40649, 1, 3, 27, 9, 3),
(40650, 1, 4, 40, 40, 0),
(40651, 1, 5, 22, 20, 1),
(40652, 1, 1, 27, 15, 3),
(40653, 1, 2, 23, 19, 1),
(40654, 1, 3, 27, 9, 3),
(40655, 1, 4, 40, 40, 0),
(40656, 1, 5, 22, 20, 1),
(40657, 1, 1, 27, 15, 3),
(40658, 1, 2, 23, 19, 1),
(40659, 1, 3, 27, 9, 3),
(40660, 1, 4, 40, 40, 0),
(40661, 1, 5, 22, 20, 1),
(40662, 1, 1, 27, 15, 3),
(40663, 1, 2, 23, 19, 1),
(40664, 1, 3, 27, 9, 3),
(40665, 1, 4, 40, 40, 0),
(40666, 1, 5, 22, 20, 1),
(40667, 1, 1, 27, 15, 3),
(40668, 1, 2, 23, 19, 1),
(40669, 1, 3, 27, 9, 3),
(40670, 1, 4, 40, 40, 0),
(40671, 1, 5, 22, 20, 1),
(40672, 1, 1, 27, 15, 3),
(40673, 1, 2, 23, 19, 1),
(40674, 1, 3, 27, 9, 3),
(40675, 1, 4, 40, 40, 0),
(40676, 1, 5, 22, 20, 1),
(40677, 1, 1, 27, 15, 3),
(40678, 1, 2, 23, 19, 1),
(40679, 1, 3, 27, 9, 3),
(40680, 1, 4, 40, 40, 0),
(40681, 1, 5, 22, 20, 1),
(40682, 1, 1, 27, 15, 3),
(40683, 1, 2, 23, 19, 1),
(40684, 1, 3, 27, 9, 3),
(40685, 1, 4, 40, 40, 0),
(40686, 1, 5, 22, 20, 1),
(40687, 1, 1, 27, 15, 3),
(40688, 1, 2, 23, 19, 1),
(40689, 1, 3, 27, 9, 3),
(40690, 1, 4, 40, 40, 0),
(40691, 1, 5, 22, 20, 1),
(40692, 1, 1, 27, 15, 3),
(40693, 1, 2, 23, 19, 1),
(40694, 1, 3, 27, 9, 3),
(40695, 1, 4, 40, 40, 0),
(40696, 1, 5, 22, 20, 1),
(40697, 1, 1, 27, 15, 3),
(40698, 1, 2, 23, 19, 1),
(40699, 1, 3, 27, 9, 3),
(40700, 1, 4, 40, 40, 0),
(40701, 1, 5, 22, 20, 1),
(40702, 1, 1, 27, 15, 3),
(40703, 1, 2, 23, 19, 1),
(40704, 1, 3, 27, 9, 3),
(40705, 1, 4, 40, 40, 0),
(40706, 1, 5, 22, 20, 1),
(40707, 1, 1, 27, 15, 3),
(40708, 1, 2, 23, 19, 1),
(40709, 1, 3, 27, 9, 3),
(40710, 1, 4, 40, 40, 0),
(40711, 1, 5, 22, 20, 1),
(40712, 1, 1, 27, 15, 3),
(40713, 1, 2, 23, 19, 1),
(40714, 1, 3, 27, 9, 3),
(40715, 1, 4, 40, 40, 0),
(40716, 1, 5, 22, 20, 1),
(40717, 1, 1, 27, 15, 3),
(40718, 1, 2, 23, 19, 1),
(40719, 1, 3, 27, 9, 3),
(40720, 1, 4, 40, 40, 0),
(40721, 1, 5, 22, 20, 1),
(40722, 1, 1, 27, 15, 3),
(40723, 1, 2, 23, 19, 1),
(40724, 1, 3, 27, 9, 3),
(40725, 1, 4, 40, 40, 0),
(40726, 1, 5, 22, 20, 1),
(40727, 1, 1, 27, 15, 3),
(40728, 1, 2, 23, 19, 1),
(40729, 1, 3, 27, 9, 3),
(40730, 1, 4, 40, 40, 0),
(40731, 1, 5, 22, 20, 1),
(40732, 1, 1, 27, 15, 3),
(40733, 1, 2, 23, 19, 1),
(40734, 1, 3, 27, 9, 3),
(40735, 1, 4, 40, 40, 0),
(40736, 1, 5, 22, 20, 1),
(40737, 1, 1, 27, 15, 3),
(40738, 1, 2, 23, 19, 1),
(40739, 1, 3, 27, 9, 3),
(40740, 1, 4, 40, 40, 0),
(40741, 1, 5, 22, 20, 1),
(40742, 1, 1, 27, 15, 3),
(40743, 1, 2, 23, 19, 1),
(40744, 1, 3, 27, 9, 3),
(40745, 1, 4, 40, 40, 0),
(40746, 1, 5, 22, 20, 1),
(40747, 1, 1, 27, 15, 3),
(40748, 1, 2, 23, 19, 1),
(40749, 1, 3, 27, 9, 3),
(40750, 1, 4, 40, 40, 0),
(40751, 1, 5, 22, 20, 1),
(40752, 1, 1, 27, 15, 3),
(40753, 1, 2, 23, 19, 1),
(40754, 1, 3, 27, 9, 3),
(40755, 1, 4, 40, 40, 0),
(40756, 1, 5, 22, 20, 1),
(40757, 1, 1, 27, 15, 3),
(40758, 1, 2, 23, 19, 1),
(40759, 1, 3, 27, 9, 3),
(40760, 1, 4, 40, 40, 0),
(40761, 1, 5, 22, 20, 1),
(40762, 1, 1, 27, 15, 3),
(40763, 1, 2, 23, 19, 1),
(40764, 1, 3, 27, 9, 3),
(40765, 1, 4, 40, 40, 0),
(40766, 1, 5, 22, 20, 1),
(40767, 1, 1, 27, 15, 3),
(40768, 1, 2, 23, 19, 1),
(40769, 1, 3, 27, 9, 3),
(40770, 1, 4, 40, 40, 0),
(40771, 1, 5, 22, 20, 1),
(40772, 1, 1, 27, 15, 3),
(40773, 1, 2, 23, 19, 1),
(40774, 1, 3, 27, 9, 3),
(40775, 1, 4, 40, 40, 0),
(40776, 1, 5, 22, 20, 1),
(40777, 1, 1, 27, 15, 3),
(40778, 1, 2, 23, 19, 1),
(40779, 1, 3, 27, 9, 3),
(40780, 1, 4, 40, 40, 0),
(40781, 1, 5, 22, 20, 1),
(40782, 1, 1, 27, 15, 3),
(40783, 1, 2, 23, 19, 1),
(40784, 1, 3, 27, 9, 3),
(40785, 1, 4, 40, 40, 0),
(40786, 1, 5, 22, 20, 1),
(40787, 1, 1, 27, 15, 3),
(40788, 1, 2, 23, 19, 1),
(40789, 1, 3, 27, 9, 3),
(40790, 1, 4, 40, 40, 0),
(40791, 1, 5, 22, 20, 1),
(40792, 1, 1, 27, 15, 3),
(40793, 1, 2, 23, 19, 1),
(40794, 1, 3, 27, 9, 3),
(40795, 1, 4, 40, 40, 0),
(40796, 1, 5, 22, 20, 1),
(40797, 1, 1, 27, 15, 3),
(40798, 1, 2, 23, 19, 1),
(40799, 1, 3, 27, 9, 3),
(40800, 1, 4, 40, 40, 0),
(40801, 1, 5, 22, 20, 1),
(40802, 1, 1, 27, 15, 3),
(40803, 1, 2, 23, 19, 1),
(40804, 1, 3, 27, 9, 3),
(40805, 1, 4, 40, 40, 0),
(40806, 1, 5, 22, 20, 1),
(40807, 1, 1, 27, 15, 3),
(40808, 1, 2, 23, 19, 1),
(40809, 1, 3, 27, 9, 3),
(40810, 1, 4, 40, 40, 0),
(40811, 1, 5, 22, 20, 1),
(40812, 1, 1, 27, 15, 3),
(40813, 1, 2, 23, 19, 1),
(40814, 1, 3, 27, 9, 3),
(40815, 1, 4, 40, 40, 0),
(40816, 1, 5, 22, 20, 1),
(40817, 1, 1, 27, 15, 3),
(40818, 1, 2, 23, 19, 1),
(40819, 1, 3, 27, 9, 3),
(40820, 1, 4, 40, 40, 0),
(40821, 1, 5, 22, 20, 1),
(40822, 1, 1, 27, 15, 3),
(40823, 1, 2, 23, 19, 1),
(40824, 1, 3, 27, 9, 3),
(40825, 1, 4, 40, 40, 0),
(40826, 1, 5, 22, 20, 1),
(40827, 1, 1, 27, 15, 3),
(40828, 1, 2, 23, 19, 1),
(40829, 1, 3, 27, 9, 3),
(40830, 1, 4, 40, 40, 0),
(40831, 1, 5, 22, 20, 1),
(40832, 1, 1, 27, 15, 3),
(40833, 1, 2, 23, 19, 1),
(40834, 1, 3, 27, 9, 3),
(40835, 1, 4, 40, 40, 0),
(40836, 1, 5, 22, 20, 1),
(40837, 1, 1, 27, 15, 3),
(40838, 1, 2, 23, 19, 1),
(40839, 1, 3, 27, 9, 3),
(40840, 1, 4, 40, 40, 0),
(40841, 1, 5, 22, 20, 1),
(40842, 1, 1, 27, 15, 3),
(40843, 1, 2, 23, 19, 1),
(40844, 1, 3, 27, 9, 3),
(40845, 1, 4, 40, 40, 0),
(40846, 1, 5, 22, 20, 1),
(40847, 1, 1, 27, 15, 3),
(40848, 1, 2, 23, 19, 1),
(40849, 1, 3, 27, 9, 3),
(40850, 1, 4, 40, 40, 0),
(40851, 1, 5, 22, 20, 1),
(40852, 1, 1, 27, 15, 3),
(40853, 1, 2, 23, 19, 1),
(40854, 1, 3, 27, 9, 3),
(40855, 1, 4, 40, 40, 0),
(40856, 1, 5, 22, 20, 1),
(40857, 1, 1, 27, 15, 3),
(40858, 1, 2, 23, 19, 1),
(40859, 1, 3, 27, 9, 3),
(40860, 1, 4, 40, 40, 0),
(40861, 1, 5, 22, 20, 1),
(40862, 1, 1, 27, 15, 3),
(40863, 1, 2, 23, 19, 1),
(40864, 1, 3, 27, 9, 3),
(40865, 1, 4, 40, 40, 0),
(40866, 1, 5, 22, 20, 1),
(40867, 1, 1, 27, 15, 3),
(40868, 1, 2, 23, 19, 1),
(40869, 1, 3, 27, 9, 3),
(40870, 1, 4, 40, 40, 0),
(40871, 1, 5, 22, 20, 1),
(40872, 1, 1, 27, 15, 3),
(40873, 1, 2, 23, 19, 1),
(40874, 1, 3, 27, 9, 3),
(40875, 1, 4, 40, 40, 0),
(40876, 1, 5, 22, 20, 1),
(40877, 1, 1, 27, 15, 3),
(40878, 1, 2, 23, 19, 1),
(40879, 1, 3, 27, 9, 3),
(40880, 1, 4, 40, 40, 0),
(40881, 1, 5, 22, 20, 1),
(40882, 1, 1, 27, 15, 3),
(40883, 1, 2, 23, 19, 1),
(40884, 1, 3, 27, 9, 3),
(40885, 1, 4, 40, 40, 0),
(40886, 1, 5, 22, 20, 1),
(40887, 1, 1, 27, 15, 3),
(40888, 1, 2, 23, 19, 1),
(40889, 1, 3, 27, 9, 3),
(40890, 1, 4, 40, 40, 0),
(40891, 1, 5, 22, 20, 1),
(40892, 1, 1, 27, 15, 3),
(40893, 1, 2, 23, 19, 1),
(40894, 1, 3, 27, 9, 3),
(40895, 1, 4, 40, 40, 0),
(40896, 1, 5, 22, 20, 1),
(40897, 1, 1, 27, 15, 3),
(40898, 1, 2, 23, 19, 1),
(40899, 1, 3, 27, 9, 3),
(40900, 1, 4, 40, 40, 0),
(40901, 1, 5, 22, 20, 1),
(40902, 1, 1, 27, 15, 3),
(40903, 1, 2, 23, 19, 1),
(40904, 1, 3, 27, 9, 3),
(40905, 1, 4, 40, 40, 0),
(40906, 1, 5, 22, 20, 1),
(40907, 1, 1, 27, 15, 3),
(40908, 1, 2, 23, 19, 1),
(40909, 1, 3, 27, 9, 3),
(40910, 1, 4, 40, 40, 0),
(40911, 1, 5, 22, 20, 1),
(40912, 1, 1, 27, 15, 3),
(40913, 1, 2, 23, 19, 1),
(40914, 1, 3, 27, 9, 3),
(40915, 1, 4, 40, 40, 0),
(40916, 1, 5, 22, 20, 1),
(40917, 1, 1, 27, 15, 3),
(40918, 1, 2, 23, 19, 1),
(40919, 1, 3, 27, 9, 3),
(40920, 1, 4, 40, 40, 0),
(40921, 1, 5, 22, 20, 1),
(40922, 1, 1, 27, 15, 3),
(40923, 1, 2, 23, 19, 1),
(40924, 1, 3, 27, 9, 3),
(40925, 1, 4, 40, 40, 0),
(40926, 1, 5, 22, 20, 1),
(40927, 1, 1, 27, 15, 3),
(40928, 1, 2, 23, 19, 1),
(40929, 1, 3, 27, 9, 3),
(40930, 1, 4, 40, 40, 0),
(40931, 1, 5, 22, 20, 1),
(40932, 1, 1, 27, 15, 3),
(40933, 1, 2, 23, 19, 1),
(40934, 1, 3, 27, 9, 3),
(40935, 1, 4, 40, 40, 0),
(40936, 1, 5, 22, 20, 1),
(40937, 1, 1, 27, 15, 3),
(40938, 1, 2, 23, 19, 1),
(40939, 1, 3, 27, 9, 3),
(40940, 1, 4, 40, 40, 0),
(40941, 1, 5, 22, 20, 1),
(40942, 1, 1, 27, 15, 3),
(40943, 1, 2, 23, 19, 1),
(40944, 1, 3, 27, 9, 3),
(40945, 1, 4, 40, 40, 0),
(40946, 1, 5, 22, 20, 1),
(40947, 1, 1, 27, 15, 3),
(40948, 1, 2, 23, 19, 1),
(40949, 1, 3, 27, 9, 3),
(40950, 1, 4, 40, 40, 0),
(40951, 1, 5, 22, 20, 1),
(40952, 1, 1, 27, 15, 3),
(40953, 1, 2, 23, 19, 1),
(40954, 1, 3, 27, 9, 3),
(40955, 1, 4, 40, 40, 0),
(40956, 1, 5, 22, 20, 1),
(40957, 1, 1, 27, 15, 3),
(40958, 1, 2, 23, 19, 1),
(40959, 1, 3, 27, 9, 3),
(40960, 1, 4, 40, 40, 0),
(40961, 1, 5, 22, 20, 1),
(40962, 1, 1, 27, 15, 3),
(40963, 1, 2, 23, 19, 1),
(40964, 1, 3, 27, 9, 3),
(40965, 1, 4, 40, 40, 0),
(40966, 1, 5, 22, 20, 1),
(40967, 1, 1, 27, 15, 3),
(40968, 1, 2, 23, 19, 1),
(40969, 1, 3, 27, 9, 3),
(40970, 1, 4, 40, 40, 0),
(40971, 1, 5, 22, 20, 1),
(40972, 1, 1, 27, 15, 3),
(40973, 1, 2, 23, 19, 1),
(40974, 1, 3, 27, 9, 3),
(40975, 1, 4, 40, 40, 0),
(40976, 1, 5, 22, 20, 1),
(40977, 1, 1, 27, 15, 3),
(40978, 1, 2, 23, 19, 1),
(40979, 1, 3, 27, 9, 3),
(40980, 1, 4, 40, 40, 0),
(40981, 1, 5, 22, 20, 1),
(40982, 1, 1, 27, 15, 3),
(40983, 1, 2, 23, 19, 1),
(40984, 1, 3, 27, 9, 3),
(40985, 1, 4, 40, 40, 0),
(40986, 1, 5, 22, 20, 1),
(40987, 1, 1, 27, 15, 3),
(40988, 1, 2, 23, 19, 1),
(40989, 1, 3, 27, 9, 3),
(40990, 1, 4, 40, 40, 0),
(40991, 1, 5, 22, 20, 1),
(40992, 1, 1, 27, 15, 3),
(40993, 1, 2, 23, 19, 1),
(40994, 1, 3, 27, 9, 3),
(40995, 1, 4, 40, 40, 0),
(40996, 1, 5, 22, 20, 1),
(40997, 1, 1, 27, 15, 3),
(40998, 1, 2, 23, 19, 1),
(40999, 1, 3, 27, 9, 3),
(41000, 1, 4, 40, 40, 0),
(41001, 1, 5, 22, 20, 1),
(41002, 1, 1, 27, 15, 3),
(41003, 1, 2, 23, 19, 1),
(41004, 1, 3, 27, 9, 3),
(41005, 1, 4, 40, 40, 0),
(41006, 1, 5, 22, 20, 1),
(41007, 1, 1, 27, 15, 3),
(41008, 1, 2, 23, 19, 1),
(41009, 1, 3, 27, 9, 3),
(41010, 1, 4, 40, 40, 0),
(41011, 1, 5, 22, 20, 1),
(41012, 1, 1, 27, 15, 3),
(41013, 1, 2, 23, 19, 1),
(41014, 1, 3, 27, 9, 3),
(41015, 1, 4, 40, 40, 0),
(41016, 1, 5, 22, 20, 1),
(41017, 1, 1, 27, 15, 3),
(41018, 1, 2, 23, 19, 1),
(41019, 1, 3, 27, 9, 3),
(41020, 1, 4, 40, 40, 0),
(41021, 1, 5, 22, 20, 1),
(41022, 1, 1, 27, 15, 3),
(41023, 1, 2, 23, 19, 1),
(41024, 1, 3, 27, 9, 3),
(41025, 1, 4, 40, 40, 0),
(41026, 1, 5, 22, 20, 1),
(41027, 1, 1, 27, 15, 3),
(41028, 1, 2, 23, 19, 1),
(41029, 1, 3, 27, 9, 3),
(41030, 1, 4, 40, 40, 0),
(41031, 1, 5, 22, 20, 1),
(41032, 1, 1, 27, 15, 3),
(41033, 1, 2, 23, 19, 1),
(41034, 1, 3, 27, 9, 3),
(41035, 1, 4, 40, 40, 0),
(41036, 1, 5, 22, 20, 1),
(41037, 1, 1, 27, 15, 3),
(41038, 1, 2, 23, 19, 1),
(41039, 1, 3, 27, 9, 3),
(41040, 1, 4, 40, 40, 0),
(41041, 1, 5, 22, 20, 1),
(41042, 1, 1, 27, 15, 3),
(41043, 1, 2, 23, 19, 1),
(41044, 1, 3, 27, 9, 3),
(41045, 1, 4, 40, 40, 0),
(41046, 1, 5, 22, 20, 1),
(41047, 1, 1, 27, 15, 3),
(41048, 1, 2, 23, 19, 1),
(41049, 1, 3, 27, 9, 3),
(41050, 1, 4, 40, 40, 0),
(41051, 1, 5, 22, 20, 1),
(41052, 1, 1, 27, 15, 3),
(41053, 1, 2, 23, 19, 1),
(41054, 1, 3, 27, 9, 3),
(41055, 1, 4, 40, 40, 0),
(41056, 1, 5, 22, 20, 1),
(41057, 1, 1, 27, 15, 3),
(41058, 1, 2, 23, 19, 1),
(41059, 1, 3, 27, 9, 3),
(41060, 1, 4, 40, 40, 0),
(41061, 1, 5, 22, 20, 1),
(41062, 1, 1, 27, 15, 3),
(41063, 1, 2, 23, 19, 1),
(41064, 1, 3, 27, 9, 3),
(41065, 1, 4, 40, 40, 0),
(41066, 1, 5, 22, 20, 1),
(41067, 1, 1, 27, 15, 3),
(41068, 1, 2, 23, 19, 1),
(41069, 1, 3, 27, 9, 3),
(41070, 1, 4, 40, 40, 0),
(41071, 1, 5, 22, 20, 1),
(41072, 1, 1, 27, 15, 3),
(41073, 1, 2, 23, 19, 1),
(41074, 1, 3, 27, 9, 3),
(41075, 1, 4, 40, 40, 0),
(41076, 1, 5, 22, 20, 1),
(41077, 1, 1, 27, 15, 3),
(41078, 1, 2, 23, 19, 1),
(41079, 1, 3, 27, 9, 3),
(41080, 1, 4, 40, 40, 0),
(41081, 1, 5, 22, 20, 1),
(41082, 1, 1, 27, 15, 3),
(41083, 1, 2, 23, 19, 1),
(41084, 1, 3, 27, 9, 3),
(41085, 1, 4, 40, 40, 0),
(41086, 1, 5, 22, 20, 1),
(41087, 1, 1, 27, 15, 3),
(41088, 1, 2, 23, 19, 1),
(41089, 1, 3, 27, 9, 3),
(41090, 1, 4, 40, 40, 0),
(41091, 1, 5, 22, 20, 1),
(41092, 1, 1, 27, 15, 3),
(41093, 1, 2, 23, 19, 1),
(41094, 1, 3, 27, 9, 3),
(41095, 1, 4, 40, 40, 0),
(41096, 1, 5, 22, 20, 1),
(41097, 1, 1, 27, 15, 3),
(41098, 1, 2, 23, 19, 1),
(41099, 1, 3, 27, 9, 3),
(41100, 1, 4, 40, 40, 0),
(41101, 1, 5, 22, 20, 1),
(41102, 1, 1, 27, 15, 3),
(41103, 1, 2, 23, 19, 1),
(41104, 1, 3, 27, 9, 3),
(41105, 1, 4, 40, 40, 0),
(41106, 1, 5, 22, 20, 1),
(41107, 1, 1, 27, 15, 3),
(41108, 1, 2, 23, 19, 1),
(41109, 1, 3, 27, 9, 3),
(41110, 1, 4, 40, 40, 0),
(41111, 1, 5, 22, 20, 1),
(41112, 1, 1, 27, 15, 3),
(41113, 1, 2, 23, 19, 1),
(41114, 1, 3, 27, 9, 3),
(41115, 1, 4, 40, 40, 0),
(41116, 1, 5, 22, 20, 1),
(41117, 1, 1, 27, 15, 3),
(41118, 1, 2, 23, 19, 1),
(41119, 1, 3, 27, 9, 3),
(41120, 1, 4, 40, 40, 0),
(41121, 1, 5, 22, 20, 1),
(41122, 1, 1, 27, 15, 3),
(41123, 1, 2, 23, 19, 1),
(41124, 1, 3, 27, 9, 3),
(41125, 1, 4, 40, 40, 0),
(41126, 1, 5, 22, 20, 1),
(41127, 1, 1, 27, 15, 3),
(41128, 1, 2, 23, 19, 1),
(41129, 1, 3, 27, 9, 3),
(41130, 1, 4, 40, 40, 0),
(41131, 1, 5, 22, 20, 1),
(41132, 1, 1, 27, 15, 3),
(41133, 1, 2, 23, 19, 1),
(41134, 1, 3, 27, 9, 3),
(41135, 1, 4, 40, 40, 0),
(41136, 1, 5, 22, 20, 1),
(41137, 1, 1, 27, 15, 3),
(41138, 1, 2, 23, 19, 1),
(41139, 1, 3, 27, 9, 3),
(41140, 1, 4, 40, 40, 0),
(41141, 1, 5, 22, 20, 1),
(41142, 1, 1, 27, 15, 3),
(41143, 1, 2, 23, 19, 1),
(41144, 1, 3, 27, 9, 3),
(41145, 1, 4, 40, 40, 0),
(41146, 1, 5, 22, 20, 1),
(41147, 1, 1, 27, 15, 3),
(41148, 1, 2, 23, 19, 1),
(41149, 1, 3, 27, 9, 3),
(41150, 1, 4, 40, 40, 0),
(41151, 1, 5, 22, 20, 1),
(41152, 1, 1, 27, 15, 3),
(41153, 1, 2, 23, 19, 1),
(41154, 1, 3, 27, 9, 3),
(41155, 1, 4, 40, 40, 0),
(41156, 1, 5, 22, 20, 1),
(41157, 1, 1, 27, 15, 3),
(41158, 1, 2, 23, 19, 1),
(41159, 1, 3, 27, 9, 3),
(41160, 1, 4, 40, 40, 0),
(41161, 1, 5, 22, 20, 1),
(41162, 1, 1, 27, 15, 3),
(41163, 1, 2, 23, 19, 1),
(41164, 1, 3, 27, 9, 3),
(41165, 1, 4, 40, 40, 0),
(41166, 1, 5, 22, 20, 1),
(41167, 1, 1, 27, 15, 3),
(41168, 1, 2, 23, 19, 1),
(41169, 1, 3, 27, 9, 3);

-- --------------------------------------------------------

--
-- Table structure for table `sensor`
--

CREATE TABLE `sensor` (
  `id` int(11) NOT NULL,
  `floor_id` int(11) NOT NULL,
  `zone_id` int(11) NOT NULL,
  `sensor_id` int(11) NOT NULL,
  `status` int(11) NOT NULL,
  `count` int(11) NOT NULL,
  `last_updated` timestamp NOT NULL DEFAULT current_timestamp() ON UPDATE current_timestamp()
) ENGINE=InnoDB DEFAULT CHARSET=utf8mb4 COLLATE=utf8mb4_general_ci;

--
-- Dumping data for table `sensor`
--

INSERT INTO `sensor` (`id`, `floor_id`, `zone_id`, `sensor_id`, `status`, `count`, `last_updated`) VALUES
(835, 1, 1, 1, 1, 1, '2024-05-04 08:39:22'),
(836, 1, 1, 2, 1, 1, '2024-05-04 08:39:22'),
(837, 1, 1, 3, 0, 1, '2024-05-04 08:39:22'),
(838, 1, 1, 4, 0, 1, '2024-05-04 08:39:22'),
(839, 1, 1, 5, 0, 1, '2024-05-04 08:39:22'),
(840, 1, 1, 6, 0, 1, '2024-05-04 08:39:22'),
(841, 1, 1, 7, 1, 1, '2024-05-04 08:39:22'),
(842, 1, 1, 8, 0, 1, '2024-05-04 08:39:22'),
(843, 1, 1, 9, 1, 1, '2024-05-04 08:39:22'),
(844, 1, 1, 10, 1, 1, '2024-05-04 08:39:22'),
(845, 1, 1, 11, 0, 1, '2024-05-04 08:39:22'),
(846, 1, 1, 12, 0, 1, '2024-05-04 08:39:22'),
(847, 1, 1, 13, 0, 1, '2024-05-04 08:39:22'),
(848, 1, 1, 14, 0, 1, '2024-05-04 08:39:22'),
(849, 1, 1, 15, 0, 1, '2024-05-04 08:39:22'),
(850, 1, 1, 16, 1, 1, '2024-05-04 08:39:22'),
(851, 1, 1, 17, 0, 1, '2024-05-04 08:39:22'),
(852, 1, 1, 18, 0, 1, '2024-05-04 08:39:22'),
(853, 1, 1, 19, 0, 1, '2024-05-04 08:39:22'),
(854, 1, 1, 20, 1, 1, '2024-05-04 08:39:22'),
(855, 1, 1, 21, 0, 1, '2024-05-04 08:39:22'),
(856, 1, 1, 22, 1, 1, '2024-05-04 08:39:22'),
(857, 1, 1, 23, 0, 1, '2024-05-04 08:39:22'),
(858, 1, 1, 24, 1, 1, '2024-05-04 08:39:22'),
(859, 1, 1, 25, 3, 1, '2024-05-04 08:39:22'),
(860, 1, 1, 26, 3, 1, '2024-05-04 08:39:22'),
(861, 1, 1, 27, 3, 1, '2024-05-04 08:39:22'),
(862, 1, 2, 1, 1, 1, '2024-05-04 08:39:22'),
(863, 1, 2, 2, 0, 1, '2024-05-04 08:39:22'),
(864, 1, 2, 3, 0, 1, '2024-05-04 08:39:22'),
(865, 1, 2, 4, 1, 1, '2024-05-04 08:39:22'),
(866, 1, 2, 5, 0, 1, '2024-05-04 08:39:22'),
(867, 1, 2, 6, 0, 1, '2024-05-04 08:39:22'),
(868, 1, 2, 7, 0, 1, '2024-05-04 08:39:22'),
(869, 1, 2, 8, 0, 1, '2024-05-04 08:39:22'),
(870, 1, 2, 9, 0, 1, '2024-05-04 08:39:22'),
(871, 1, 2, 10, 0, 1, '2024-05-04 08:39:22'),
(872, 1, 2, 11, 0, 1, '2024-05-04 08:39:22'),
(873, 1, 2, 12, 0, 1, '2024-05-04 08:39:22'),
(874, 1, 2, 13, 0, 1, '2024-05-04 08:39:22'),
(875, 1, 2, 14, 0, 1, '2024-05-04 08:39:22'),
(876, 1, 2, 15, 0, 1, '2024-05-04 08:39:22'),
(877, 1, 2, 16, 3, 1, '2024-05-04 08:39:22'),
(878, 1, 2, 17, 0, 1, '2024-05-04 08:39:22'),
(879, 1, 2, 18, 0, 1, '2024-05-04 08:39:22'),
(880, 1, 2, 19, 0, 1, '2024-05-04 08:39:22'),
(881, 1, 2, 20, 0, 1, '2024-05-04 08:39:22'),
(882, 1, 2, 21, 0, 1, '2024-05-04 08:39:22'),
(883, 1, 2, 22, 0, 1, '2024-05-04 08:39:22'),
(884, 1, 2, 23, 1, 1, '2024-05-04 08:39:22'),
(885, 1, 3, 1, 1, 1, '2024-05-04 08:39:22'),
(886, 1, 3, 2, 1, 1, '2024-05-04 08:39:22'),
(887, 1, 3, 3, 1, 1, '2024-05-04 08:39:22'),
(888, 1, 3, 4, 1, 1, '2024-05-04 08:39:22'),
(889, 1, 3, 5, 0, 1, '2024-05-04 08:39:22'),
(890, 1, 3, 6, 1, 1, '2024-05-04 08:39:22'),
(891, 1, 3, 7, 0, 1, '2024-05-04 08:39:22'),
(892, 1, 3, 8, 3, 1, '2024-05-04 08:39:22'),
(893, 1, 3, 9, 0, 1, '2024-05-04 08:39:22'),
(894, 1, 3, 10, 0, 1, '2024-05-04 08:39:22'),
(895, 1, 3, 11, 1, 1, '2024-05-04 08:39:22'),
(896, 1, 3, 12, 1, 1, '2024-05-04 08:39:22'),
(897, 1, 3, 13, 1, 1, '2024-05-04 08:39:22'),
(898, 1, 3, 14, 1, 1, '2024-05-04 08:39:22'),
(899, 1, 3, 15, 1, 1, '2024-05-04 08:39:22'),
(900, 1, 3, 16, 0, 1, '2024-05-04 08:39:22'),
(901, 1, 3, 17, 1, 1, '2024-05-04 08:39:22'),
(902, 1, 3, 18, 1, 1, '2024-05-04 08:39:22'),
(903, 1, 3, 19, 3, 1, '2024-05-04 08:39:22'),
(904, 1, 3, 20, 3, 1, '2024-05-04 08:39:22'),
(905, 1, 3, 21, 1, 1, '2024-05-04 08:39:22'),
(906, 1, 3, 22, 1, 1, '2024-05-04 08:39:22'),
(907, 1, 3, 23, 1, 1, '2024-05-04 08:39:22'),
(908, 1, 3, 24, 0, 1, '2024-05-04 08:39:22'),
(909, 1, 3, 25, 0, 1, '2024-05-04 08:39:22'),
(910, 1, 3, 26, 0, 1, '2024-05-04 08:39:22'),
(911, 1, 3, 27, 0, 1, '2024-05-04 08:39:22'),
(912, 1, 4, 1, 0, 1, '2024-05-04 08:39:22'),
(913, 1, 4, 2, 0, 1, '2024-05-04 08:39:22'),
(914, 1, 4, 3, 0, 1, '2024-05-04 08:39:22'),
(915, 1, 4, 4, 0, 1, '2024-05-04 08:39:22'),
(916, 1, 4, 5, 0, 1, '2024-05-04 08:39:22'),
(917, 1, 4, 6, 0, 1, '2024-05-04 08:39:22'),
(918, 1, 4, 7, 0, 1, '2024-05-04 08:39:22'),
(919, 1, 4, 8, 0, 1, '2024-05-04 08:39:22'),
(920, 1, 4, 9, 0, 1, '2024-05-04 08:39:22'),
(921, 1, 4, 10, 0, 1, '2024-05-04 08:39:22'),
(922, 1, 4, 11, 0, 1, '2024-05-04 08:39:22'),
(923, 1, 4, 12, 0, 1, '2024-05-04 08:39:22'),
(924, 1, 4, 13, 0, 1, '2024-05-04 08:39:22'),
(925, 1, 4, 14, 0, 1, '2024-05-04 08:39:22'),
(926, 1, 4, 15, 0, 1, '2024-05-04 08:39:22'),
(927, 1, 4, 16, 0, 1, '2024-05-04 08:39:22'),
(928, 1, 4, 17, 0, 1, '2024-05-04 08:39:22'),
(929, 1, 4, 18, 0, 1, '2024-05-04 08:39:22'),
(930, 1, 4, 19, 0, 1, '2024-05-04 08:39:22'),
(931, 1, 4, 20, 0, 1, '2024-05-04 08:39:22'),
(932, 1, 4, 21, 0, 1, '2024-05-04 08:39:22'),
(933, 1, 4, 22, 0, 1, '2024-05-04 08:39:22'),
(934, 1, 4, 23, 0, 1, '2024-05-04 08:39:22'),
(935, 1, 4, 24, 0, 1, '2024-05-04 08:39:22'),
(936, 1, 4, 25, 0, 1, '2024-05-04 08:39:22'),
(937, 1, 4, 26, 0, 1, '2024-05-04 08:39:22'),
(938, 1, 4, 27, 0, 1, '2024-05-04 08:39:23'),
(939, 1, 4, 28, 0, 1, '2024-05-04 08:39:23'),
(940, 1, 4, 29, 0, 1, '2024-05-04 08:39:23'),
(941, 1, 4, 30, 0, 1, '2024-05-04 08:39:23'),
(942, 1, 4, 31, 0, 1, '2024-05-04 08:39:23'),
(943, 1, 4, 32, 0, 1, '2024-05-04 08:39:23'),
(944, 1, 4, 33, 0, 1, '2024-05-04 08:39:23'),
(945, 1, 4, 34, 0, 1, '2024-05-04 08:39:23'),
(946, 1, 4, 35, 0, 1, '2024-05-04 08:39:23'),
(947, 1, 4, 36, 0, 1, '2024-05-04 08:39:23'),
(948, 1, 4, 37, 0, 1, '2024-05-04 08:39:23'),
(949, 1, 4, 38, 0, 1, '2024-05-04 08:39:23'),
(950, 1, 4, 39, 0, 1, '2024-05-04 08:39:23'),
(951, 1, 4, 40, 0, 1, '2024-05-04 08:39:23'),
(952, 1, 5, 1, 0, 1, '2024-05-04 08:39:23'),
(953, 1, 5, 2, 0, 1, '2024-05-04 08:39:23'),
(954, 1, 5, 3, 0, 1, '2024-05-04 08:39:23'),
(955, 1, 5, 4, 0, 1, '2024-05-04 08:39:23'),
(956, 1, 5, 5, 0, 1, '2024-05-04 08:39:23'),
(957, 1, 5, 6, 0, 1, '2024-05-04 08:39:23'),
(958, 1, 5, 7, 0, 1, '2024-05-04 08:39:23'),
(959, 1, 5, 8, 3, 1, '2024-05-04 08:39:23'),
(960, 1, 5, 9, 0, 1, '2024-05-04 08:39:23'),
(961, 1, 5, 10, 0, 1, '2024-05-04 08:39:23'),
(962, 1, 5, 11, 0, 1, '2024-05-04 08:39:23'),
(963, 1, 5, 12, 0, 1, '2024-05-04 08:39:23'),
(964, 1, 5, 13, 0, 1, '2024-05-04 08:39:23'),
(965, 1, 5, 14, 0, 1, '2024-05-04 08:39:23'),
(966, 1, 5, 15, 0, 1, '2024-05-04 08:39:23'),
(967, 1, 5, 16, 0, 1, '2024-05-04 08:39:23'),
(968, 1, 5, 17, 1, 1, '2024-05-04 08:39:23'),
(969, 1, 5, 18, 0, 1, '2024-05-04 08:39:23'),
(970, 1, 5, 19, 0, 1, '2024-05-04 08:39:23'),
(971, 1, 5, 20, 0, 1, '2024-05-04 08:39:23'),
(972, 1, 5, 21, 0, 1, '2024-05-04 08:39:23'),
(973, 1, 5, 22, 0, 1, '2024-05-04 08:39:23');

-- --------------------------------------------------------

--
-- Table structure for table `zone`
--

CREATE TABLE `zone` (
  `id` int(11) NOT NULL,
  `floor_id` int(11) DEFAULT NULL,
  `zone_id` int(11) DEFAULT NULL,
  `sensor_id` int(11) DEFAULT NULL
) ENGINE=InnoDB DEFAULT CHARSET=utf8mb4 COLLATE=utf8mb4_general_ci;

--
-- Indexes for dumped tables
--

--
-- Indexes for table `account_emailaddress`
--
ALTER TABLE `account_emailaddress`
  ADD PRIMARY KEY (`id`),
  ADD UNIQUE KEY `account_emailaddress_user_id_email_987c8728_uniq` (`user_id`,`email`);

--
-- Indexes for table `account_emailconfirmation`
--
ALTER TABLE `account_emailconfirmation`
  ADD PRIMARY KEY (`id`),
  ADD UNIQUE KEY `key` (`key`),
  ADD KEY `account_emailconfirm_email_address_id_5b7f8c58_fk_account_e` (`email_address_id`);

--
-- Indexes for table `activity_logs`
--
ALTER TABLE `activity_logs`
  ADD PRIMARY KEY (`id`),
  ADD UNIQUE KEY `unique_log_entry` (`floor_id`,`zone_id`,`sensor_id`);

--
-- Indexes for table `authtoken_token`
--
ALTER TABLE `authtoken_token`
  ADD PRIMARY KEY (`key`),
  ADD UNIQUE KEY `user_id` (`user_id`);

--
-- Indexes for table `auth_group`
--
ALTER TABLE `auth_group`
  ADD PRIMARY KEY (`id`),
  ADD UNIQUE KEY `name` (`name`);

--
-- Indexes for table `auth_group_permissions`
--
ALTER TABLE `auth_group_permissions`
  ADD PRIMARY KEY (`id`),
  ADD UNIQUE KEY `auth_group_permissions_group_id_permission_id_0cd325b0_uniq` (`group_id`,`permission_id`),
  ADD KEY `auth_group_permissio_permission_id_84c5c92e_fk_auth_perm` (`permission_id`);

--
-- Indexes for table `auth_permission`
--
ALTER TABLE `auth_permission`
  ADD PRIMARY KEY (`id`),
  ADD UNIQUE KEY `auth_permission_content_type_id_codename_01ab375a_uniq` (`content_type_id`,`codename`);

--
-- Indexes for table `auth_user`
--
ALTER TABLE `auth_user`
  ADD PRIMARY KEY (`id`),
  ADD UNIQUE KEY `username` (`username`);

--
-- Indexes for table `auth_user_groups`
--
ALTER TABLE `auth_user_groups`
  ADD PRIMARY KEY (`id`),
  ADD UNIQUE KEY `auth_user_groups_user_id_group_id_94350c0c_uniq` (`user_id`,`group_id`),
  ADD KEY `auth_user_groups_group_id_97559544_fk_auth_group_id` (`group_id`);

--
-- Indexes for table `auth_user_user_permissions`
--
ALTER TABLE `auth_user_user_permissions`
  ADD PRIMARY KEY (`id`),
  ADD UNIQUE KEY `auth_user_user_permissions_user_id_permission_id_14a6b632_uniq` (`user_id`,`permission_id`),
  ADD KEY `auth_user_user_permi_permission_id_1fbb5f2c_fk_auth_perm` (`permission_id`);

--
-- Indexes for table `django_admin_log`
--
ALTER TABLE `django_admin_log`
  ADD PRIMARY KEY (`id`),
  ADD KEY `django_admin_log_content_type_id_c4bce8eb_fk_django_co` (`content_type_id`),
  ADD KEY `django_admin_log_user_id_c564eba6_fk_auth_user_id` (`user_id`);

--
-- Indexes for table `django_content_type`
--
ALTER TABLE `django_content_type`
  ADD PRIMARY KEY (`id`),
  ADD UNIQUE KEY `django_content_type_app_label_model_76bd3d3b_uniq` (`app_label`,`model`);

--
-- Indexes for table `django_migrations`
--
ALTER TABLE `django_migrations`
  ADD PRIMARY KEY (`id`);

--
-- Indexes for table `django_session`
--
ALTER TABLE `django_session`
  ADD PRIMARY KEY (`session_key`),
  ADD KEY `django_session_expire_date_a5c62663` (`expire_date`);

--
-- Indexes for table `floor`
--
ALTER TABLE `floor`
  ADD PRIMARY KEY (`id`);

--
-- Indexes for table `floor_management`
--
ALTER TABLE `floor_management`
  ADD PRIMARY KEY (`id`);

--
-- Indexes for table `line_chart`
--
ALTER TABLE `line_chart`
  ADD PRIMARY KEY (`id`);

--
-- Indexes for table `sensor`
--
ALTER TABLE `sensor`
  ADD PRIMARY KEY (`id`),
  ADD UNIQUE KEY `floor_id` (`floor_id`,`zone_id`,`sensor_id`);

--
-- Indexes for table `zone`
--
ALTER TABLE `zone`
  ADD PRIMARY KEY (`id`);

--
-- AUTO_INCREMENT for dumped tables
--

--
-- AUTO_INCREMENT for table `account_emailaddress`
--
ALTER TABLE `account_emailaddress`
  MODIFY `id` int(11) NOT NULL AUTO_INCREMENT;

--
-- AUTO_INCREMENT for table `account_emailconfirmation`
--
ALTER TABLE `account_emailconfirmation`
  MODIFY `id` int(11) NOT NULL AUTO_INCREMENT;

--
-- AUTO_INCREMENT for table `activity_logs`
--
ALTER TABLE `activity_logs`
  MODIFY `id` int(11) NOT NULL AUTO_INCREMENT, AUTO_INCREMENT=45029;

--
-- AUTO_INCREMENT for table `auth_group`
--
ALTER TABLE `auth_group`
  MODIFY `id` int(11) NOT NULL AUTO_INCREMENT;

--
-- AUTO_INCREMENT for table `auth_group_permissions`
--
ALTER TABLE `auth_group_permissions`
  MODIFY `id` bigint(20) NOT NULL AUTO_INCREMENT;

--
-- AUTO_INCREMENT for table `auth_permission`
--
ALTER TABLE `auth_permission`
  MODIFY `id` int(11) NOT NULL AUTO_INCREMENT, AUTO_INCREMENT=77;

--
-- AUTO_INCREMENT for table `auth_user`
--
ALTER TABLE `auth_user`
  MODIFY `id` int(11) NOT NULL AUTO_INCREMENT;

--
-- AUTO_INCREMENT for table `auth_user_groups`
--
ALTER TABLE `auth_user_groups`
  MODIFY `id` bigint(20) NOT NULL AUTO_INCREMENT;

--
-- AUTO_INCREMENT for table `auth_user_user_permissions`
--
ALTER TABLE `auth_user_user_permissions`
  MODIFY `id` bigint(20) NOT NULL AUTO_INCREMENT;

--
-- AUTO_INCREMENT for table `django_admin_log`
--
ALTER TABLE `django_admin_log`
  MODIFY `id` int(11) NOT NULL AUTO_INCREMENT;

--
-- AUTO_INCREMENT for table `django_content_type`
--
ALTER TABLE `django_content_type`
  MODIFY `id` int(11) NOT NULL AUTO_INCREMENT, AUTO_INCREMENT=20;

--
-- AUTO_INCREMENT for table `django_migrations`
--
ALTER TABLE `django_migrations`
  MODIFY `id` bigint(20) NOT NULL AUTO_INCREMENT, AUTO_INCREMENT=31;

--
-- AUTO_INCREMENT for table `floor`
--
ALTER TABLE `floor`
  MODIFY `id` int(11) NOT NULL AUTO_INCREMENT;

--
-- AUTO_INCREMENT for table `floor_management`
--
ALTER TABLE `floor_management`
  MODIFY `id` bigint(20) NOT NULL AUTO_INCREMENT;

--
-- AUTO_INCREMENT for table `line_chart`
--
ALTER TABLE `line_chart`
  MODIFY `id` int(11) NOT NULL AUTO_INCREMENT, AUTO_INCREMENT=41170;

--
-- AUTO_INCREMENT for table `sensor`
--
ALTER TABLE `sensor`
  MODIFY `id` int(11) NOT NULL AUTO_INCREMENT, AUTO_INCREMENT=974;

--
-- AUTO_INCREMENT for table `zone`
--
ALTER TABLE `zone`
  MODIFY `id` int(11) NOT NULL AUTO_INCREMENT;

--
-- Constraints for dumped tables
--

--
-- Constraints for table `account_emailaddress`
--
ALTER TABLE `account_emailaddress`
  ADD CONSTRAINT `account_emailaddress_user_id_2c513194_fk_auth_user_id` FOREIGN KEY (`user_id`) REFERENCES `auth_user` (`id`);

--
-- Constraints for table `account_emailconfirmation`
--
ALTER TABLE `account_emailconfirmation`
  ADD CONSTRAINT `account_emailconfirm_email_address_id_5b7f8c58_fk_account_e` FOREIGN KEY (`email_address_id`) REFERENCES `account_emailaddress` (`id`);

--
-- Constraints for table `authtoken_token`
--
ALTER TABLE `authtoken_token`
  ADD CONSTRAINT `authtoken_token_user_id_35299eff_fk_auth_user_id` FOREIGN KEY (`user_id`) REFERENCES `auth_user` (`id`);

--
-- Constraints for table `auth_group_permissions`
--
ALTER TABLE `auth_group_permissions`
  ADD CONSTRAINT `auth_group_permissio_permission_id_84c5c92e_fk_auth_perm` FOREIGN KEY (`permission_id`) REFERENCES `auth_permission` (`id`),
  ADD CONSTRAINT `auth_group_permissions_group_id_b120cbf9_fk_auth_group_id` FOREIGN KEY (`group_id`) REFERENCES `auth_group` (`id`);

--
-- Constraints for table `auth_permission`
--
ALTER TABLE `auth_permission`
  ADD CONSTRAINT `auth_permission_content_type_id_2f476e4b_fk_django_co` FOREIGN KEY (`content_type_id`) REFERENCES `django_content_type` (`id`);

--
-- Constraints for table `auth_user_groups`
--
ALTER TABLE `auth_user_groups`
  ADD CONSTRAINT `auth_user_groups_group_id_97559544_fk_auth_group_id` FOREIGN KEY (`group_id`) REFERENCES `auth_group` (`id`),
  ADD CONSTRAINT `auth_user_groups_user_id_6a12ed8b_fk_auth_user_id` FOREIGN KEY (`user_id`) REFERENCES `auth_user` (`id`);

--
-- Constraints for table `auth_user_user_permissions`
--
ALTER TABLE `auth_user_user_permissions`
  ADD CONSTRAINT `auth_user_user_permi_permission_id_1fbb5f2c_fk_auth_perm` FOREIGN KEY (`permission_id`) REFERENCES `auth_permission` (`id`),
  ADD CONSTRAINT `auth_user_user_permissions_user_id_a95ead1b_fk_auth_user_id` FOREIGN KEY (`user_id`) REFERENCES `auth_user` (`id`);

--
-- Constraints for table `django_admin_log`
--
ALTER TABLE `django_admin_log`
  ADD CONSTRAINT `django_admin_log_content_type_id_c4bce8eb_fk_django_co` FOREIGN KEY (`content_type_id`) REFERENCES `django_content_type` (`id`),
  ADD CONSTRAINT `django_admin_log_user_id_c564eba6_fk_auth_user_id` FOREIGN KEY (`user_id`) REFERENCES `auth_user` (`id`);
COMMIT;

/*!40101 SET CHARACTER_SET_CLIENT=@OLD_CHARACTER_SET_CLIENT */;
/*!40101 SET CHARACTER_SET_RESULTS=@OLD_CHARACTER_SET_RESULTS */;
/*!40101 SET COLLATION_CONNECTION=@OLD_COLLATION_CONNECTION */;
